SellerSku,Quantity
8366730,0
DK2088191,0
8488000,0
2501225,0
2501226,0
2501227,0
D8381467,0
D2179988,0
D8487654,0
D2393191,4
DK1163836,0
DK699597,10
DK2013938,9
DK2232430,0
DK2365171,4
DK2455327,5
DK2455335,11
DK2455337,12
DK2455339,9
DK2455341,11
DK2641750,0
DK2641751,0
DK2641754,0
DK2651046,0
DK2651052,0
DK2651054,0
DK2651056,0
DK2651058,0
DK2712793,0
DK2712799,0
DK2712801,0
DK2712803,10
DK2712805,0
DK2712807,0
DK2732967,0
DK2732969,0
DK2732973,5
DK2732975,0
DK2887154,5
DK2887160,0
DK2887162,4
DK2887164,13
Dk2887166,8
DK4083883,0
DK4083884,0
DK4083885,0
DK4083886,0
DK4083887,0
DK4083888,0
DK4083889,0
DK4083891,0
DK4083892,0
DK4083893,0
DK4083894,0
DK4083895,0
DK4083896,0
DK4083897,0
DK4083898,0
DK4083899,0
DK4083900,0
DK728094,0
DK8019129,0
DK453853,0
DK8110641,0
DK1154350,23
DK8237121,0
DK1593159,0
DK8296177,0
DK1779331,38
DK1779332,48
DK1779333,16
DK1779334,39
DK8296178,0
DK1779335,23
DK1779336,39
DK1779337,41
DK1779339,19
DK8299170,0
DK1796384,0
DK8332131,0
DK645985,32
DK712781,6
DK8336572,0
DK712790,14
DK8336580,0
DK712813,24
DK8336581,0
DK712811,9
DK8350210,0
DK1863279,0
DK8350864,0
DK2001179,11
DK2001180,0
DK8353818,0
DK2013956,10
DK8353819,0
DK2013957,0
DK8353820,0
DK2013958,10
DK2039578,0
DK8366730,0
DK2088190,0
DK2088188,0
DK2088187,0
DK2088186,20
DK2092601,0
DK8366799,0
DK2088623,8
DK8368186,0
DK2101424,0
DK8371303,0
DK2133313,286
DK8378533,0
DK2166115,14
DK8379082,0
DK2168569,0
DK2168568,0
DK8380325,0
DK2174744,0
DK8380675,0
DK2176402,0
DK8380749,0
DK2176706,0
DK2176705,0
DK8381942,0
DK2182159,7
DK2182157,8
DK2182155,12
DK2182161,12
DK2182610,9
DK8387952,0
DK2226951,0
DK8388696,0
DK2232194,8
DK8394167,0
DK2314382,0
DK8403427,0
DK2544796,9
DK8405233,0
DK2381294,0
DK8486353,0
DK2548659,10
DK2548660,8
DK2548662,0
DK2548663,0
DK2548666,0
DK8487582,0
DK2394159,0
DK8487654,0
DK8488035,0
DK2501403,0
DK2501404,0
DK2501401,0
DK2501399,0
DK2501402,0
DK2501398,11
DK8488040,0
DK2501444,9
DK2501440,4
DK2501438,0
DK2501436,6
DK2501442,0
DK8488051,0
DK2501544,0
DK8488393,0
DK2504710,0
DK2504711,0
DK2504712,0
DK2504713,0
DK2504714,0
DK2504715,0
DK8488454,0
DK2505147,6
DK2505148,6
DK2505149,5
DK8488759,0
DK2507007,0
DK2507010,0
DK2507011,30
DK2507013,0
DK8489721,0
DK2511143,0
DK8491741,0
DK2523985,25
DK8501862,0
DK2485650,0
DK2485651,0
DK2485652,0
DK2485654,0
DK8502206,0
DK2497612,23
DK2497600,11
DK2497606,12
DK2497608,7
DK2497610,11
DK8504510,0
DK2483003,0
DK2483007,0
DK8504514,0
DK2483040,0
DK8504967,0
DK2424933,11
DK8505265,0
DK2427119,0
DK8505950,0
DK2432519,0
DK2432543,0
DK8511783,0
DK2454924,0
DK2454932,29
DK2454934,10
DK2454936,27
DK2454938,18
DK8511784,0
DK2454942,5
DK2454950,36
DK2454952,21
DK2454954,22
DK2454956,24
DK8511909,0
DK2455461,0
DK8512718,0
DK2464357,0
DK2464360,0
DK8512720,0
DK2464373,0
DK2464377,0
DK8514465,0
DK2461396,22
DK8515183,0
DK2460468,0
DK2460470,0
DK2460472,0
DK8515184,0
DK2460485,0
DK2460481,0
DK8516225,0
DK2906429,0
DK8516229,0
DK2907656,0
DK8518776,0
DK2611311,0
DK8519884,0
DK2615221,11
DK8519939,0
DK2615368,11
DK2615373,11
DK2615375,9
DK2615377,6
DK2615379,10
DK8526446,0
DK2649714,0
DK2649717,0
DK2649719,0
DK2649722,0
DK2649727,0
DK2649711,10
DK2649718,25
DK2649721,25
DK2649723,14
DK8528483,0
DK2663154,0
DK2663155,0
DK2663156,0
DK2663158,0
DK8529048,0
DK2663572,6
DK2663573,0
DK2663574,38
DK2663575,20
DK2663576,0
DK2663571,0
DK8529329,0
DK2664875,0
DK2664876,0
DK2664877,0
DK2925000,0
DK8530229,0
DK2669841,9
DK2669842,0
DK2669843,0
DK2669844,14
DK2669846,0
DK2669847,11
DK8540398,0
DK2839813,4
DK2839814,0
DK2839815,0
DK2839817,0
DK2839818,0
DK2839819,0
DK2839820,0
DK2839816,5
DK2839821,0
DK8542782,0
DK2707296,50
DK8543482,0
DK2708753,0
DK8543998,0
DK2695465,18
DK2695473,22
DK2695475,20
DK2695477,18
DK2695479,15
DK8544002,0
DK2695774,0
DK2695776,0
DK2695779,0
DK2695781,0
DK2695783,0
DK2695772,0
DK2695780,0
DK2695782,0
DK2695784,0
DK2695786,0
DK8544264,0
DK2718880,9
DK8545992,0
DK2688034,0
DK8546087,0
DK2687112,0
DK2687116,0
DK2687117,0
DK2687119,0
DK8547833,0
DK2699323,0
DK8548741,0
DK2763105,0
DK8548944,0
DK2764337,0
DK8549329,0
DK2770631,0
DK8551629,0
DK2773744,0
DK2773749,0
DK8552202,0
DK2730858,0
DK2730857,0
DK2730860,10
DK2730864,11
DK2730866,6
DK2730868,14
DK2730872,4
DK8552231,0
DK2731154,8
DK2731158,11
DK2731160,12
DK2731162,10
DK2731164,10
DK2731166,4
DK8552236,0
DK2731207,0
DK2731208,5
DK2731212,0
DK2731215,4
DK2731217,0
DK2731219,0
DK2731222,4
DK2731224,0
DK8553389,0
DK2730746,0
DK2730743,6
DK2730747,5
DK2730750,6
DK2730752,27
DK2730754,5
DK2730756,7
DK2730760,4
DK8554008,0
DK2760871,0
DK8554230,0
DK2732963,0
DK2942947,0
DK2732966,0
DK2732968,0
DK2732972,0
DK2732974,0
DK2732976,0
DK8556793,0
DK2925839,12
DK2925841,0
DK8556844,0
DK2989028,0
DK2989030,0
DK2989031,0
DK2989033,0
DK2989035,0
DK2989037,5
DK2989038,0
DK2989029,0
DK8556970,0
DK2937111,0
DK8558239,0
DK2951992,0
DK8558550,0
DK2942910,0
DK8558972,0
DK2952211,0
DK8559117,0
DK2950233,10
DK2950235,10
DK8559120,0
DK2950254,8
DK2950260,4
DK2950262,0
DK8561783,0
DK2881262,0
DK2881263,0
DK2881264,9
DK2881265,5
DK2881266,0
DK8561785,0
DK2881282,0
DK2881279,0
DK2881280,0
DK2881281,0
DK8562773,0
DK4240117,0
DK8569045,0
DK2952752,0
DK2952753,0
DK2952754,0
DK2952755,0
DK2952756,0
DK2952757,0
DK2952759,0
DK2952760,0
DK8569365,0
DK2954988,4
DK2954992,10
DK2954994,0
DK2954996,11
DK2954998,18
DK8569366,0
DK2955002,8
DK2955004,0
DK2955005,0
DK2955012,15
DK8573211,0
DK2889135,6
DK2889140,0
DK8573251,0
DK2889605,67
DK2889606,18
DK2889607,44
DK2889609,20
DK8573809,0
DK2920164,8
DK8573811,0
DK2920166,10
DK8573813,0
DK2920168,5
DK8573984,0
DK2920733,10
2920735,10
2920736,9
DK8574516,0
DK2923093,32
DK2923094,0
DK2923096,51
DK2923097,69
DK2923098,42
DK2923099,25
DK2923100,33
DK8576135,0
DK2964091,62
DK8576138,0
DK2964094,72
DK8576139,0
DK2964097,61
DK8576792,0
DK2969388,9
DK2969389,7
DK8577955,0
DK2978960,0
DK2978961,5
DK2978962,13
DK8578253,0
DK2981420,0
DK2981426,6
DK2981428,7
DK2981430,6
DK2981432,7
DK8578672,0
DK2984073,6
DK8580560,0
DK4004215,5
DK4004216,5
DK4004217,9
DK8583151,0
DK4013293,0
DK8584174,0
DK4017038,102
DK8586848,0
DK4030139,28
DK4030137,12
DK4030138,10
DK4030141,7
DK4030142,30
DK8587779,0
DK4037012,0
DK4037016,0
DK4037010,0
DK4037011,0
DK4037013,0
DK4037014,0
DK4037015,0
DK8595244,0
DK4000094,8
DK8595257,0
DK4000217,0
DK4000227,0
DK4000218,0
DK4000219,0
DK4000220,0
DK4000221,0
DK4000222,0
DK4000223,0
DK4000224,0
DK4000225,0
DK4000226,0
DK4000228,0
DK8595393,0
DK2891294,0
DK2891296,0
DK2891298,4
DK2891299,4
DK2891300,0
DK2891301,6
DK2891302,9
DK2891303,0
DK2891304,0
DK2891305,0
DK8597052,0
DK4066439,4
DK8600275,0
DK4102152,21
DK4102153,33
DK4102154,32
DK4102155,43
DK8600278,0
DK4102164,13
DK4102165,16
DK4102166,12
DK8601533,0
DK4110169,7
DK4110160,4
DK4110161,7
DK4110162,4
DK4110163,5
DK4110165,0
DK4110166,9
DK4110167,6
DK4110168,9
DK4110170,7
DK4110171,7
DK4110172,5
DK4110173,0
DK8601534,0
DK4110176,17
DK4110177,0
DK4110178,0
DK4110179,0
DK4110180,0
DK4110186,20
DK8602063,0
DK4116752,93
DK8603327,0
DK4132635,4
DK8605509,0
DK4153105,10
DK4153106,14
DK4153104,15
DK8607728,0
DK4168821,9
DK4168822,8
DK4168823,15
DK4168824,13
DK4168825,36
DK4168826,8
DK4168827,0
DK4168828,5
DK4168829,0
DK8608166,0
DK4170582,5
DK4170584,0
DK4170585,11
DK4170587,11
DK4170588,43
DK4170583,6
DK8608169,0
DK4170607,0
DK4170608,12
DK4170609,8
DK4170610,9
DK4170611,9
DK8608177,0
DK4170664,0
DK4170665,10
DK4170666,5
DK4170667,0
DK4170668,4
DK4170669,4
DK4170670,7
DK4170671,12
DK8608468,0
DK4171897,0
DK4171898,8
DK4171899,0
DK4171900,9
DK4227110,18
DK4227111,13
DK4227112,0
DK8616153,0
DK4232397,0
DK8616154,0
DK4232398,0
DK8616171,0
DK4232606,0
DK8618607,0
DK8642386,0
DK4274537,0
DKT1037865,0
DKT647961,9
DKT647996,0
DKT647937,15
DKT647945,0
DKT1041986,0
DKT963084,6
DKT1042303,0
DKT969842,31
DKT969850,15
DKT969885,7
DKT969931,0
DKT970069,0
DKT969834,51
DKT1163704,0
DKT616098,0
DKT1432411,0
DKT662618,7
DKT1707771,0
DKT586418,0
DKT958552,0
DKT958560,0
DKT1733780,0
DKT963868,10
DKT1822127,8
DKT2068244,20
DKT2169029,6
DKT2191097,0
DKT2191098,0
DKT2232565,7
DKT2232567,7
DKT2232568,8
DKT2232578,0
DKT2232580,0
DKT2538955,5
DKT2678771,0
DKT872069,17
DKT2696385,0
DKT2696386,0
DKT2748394,58
DKT2748424,68
DKT2769274,16
DKT2790318,0
DKT248119,5
DKT248127,7
DKT1261189,12
DKT1394015,8
DKT2792744,0
DKT263077,0
DKT263126,0
DKT1268143,0
DKT1394016,10
DKT2922614,0
DKT2922644,37
DKT2989028,0
DKT2989035,0
DKT2989037,5
DKT2989038,0
DKT767657,132
DKT767673,224
DKT767681,256
DKT767686,162
DKT767694,127
DKT767762,0
DKT767767,0
DKT767775,0
DKT767791,0
DKT767805,0
DKT3230614,0
DKT932842,13
DKT3314575,0
DKT93205,26
DKT3568836,0
DKT37363,12
DKT37371,43
DKT37398,5
DKT37401,28
DKT37428,20
DKT37436,26
DKT37622,18
DKT251966,57
DKT251974,0
DKT400346,8
DKT3744073,0
DKT310981,7
DKT311007,0
DKT311015,6
DKT312216,0
DKT312658,0
DKT312666,0
DKT3797959,0
DKT741843,11
DKT3851376,0
DKT201050,11
DKT201069,18
DKT448925,20
DKT2986921,0
DKT4049532,119
DKT4451548,0
DKT224416,103
DKT224427,22
DKT224434,6
DKT224435,17
DKT224440,0
DKT4451890,0
DKT225293,14
DKT4451920,0
DKT225326,4
DKT5617543,0
DKT557156,0
DKT5626399,0
DKT565404,13
DKT565406,16
DKT565407,12
DKT565412,9
DKT565414,10
DKT5626402,0
DKT565415,0
DKT5998296,0
DKT798057,0
DKT5998369,0
DK798102,422
DKT6532483,0
DKT936721,0
DKT6532505,0
DKT412088,0
DKT412093,0
DKT412104,0
DKT559745,0
DKT936805,0
DKT936813,0
DKT936821,0
DKT936828,0
DKT936848,0
DKT936856,0
DKT936892,0
DKT936906,0
DK712785,24
DKT720719,0
DKT366921,8
DKT8001768,0
DKT54896,13
DKT8002516,0
DKT146816,4
DKT8003873,0
DKT38681,15
DKT581555,226
DKT8022237,0
DKT699393,388
DKT8022238,0
DKT699402,0
DKT8027171,0
DKT873496,82
DKT8027254,0
DKT877220,0
DKT8027255,0
DKT877230,0
DKT8040221,0
DKT289292,13
DKT8042506,0
DKT547862,12
DKT8047839,0
DKT938591,168
DKT8049106,0
DKT313948,24
DKT8055369,0
DKT287857,9
DKT8056700,0
DKT588830,21
DKT8071566,0
DKT1031045,0
DKT8071569,0
DKT1031048,0
DKT8084715,0
DKT1077736,31
DKT8099027,0
DKT1131298,0
DKT8110638,0
DKT1154345,0
DKT8111158,0
DKT1156069,7
DKT8111804,0
DKT1158347,11
DKT1163373,40
DKT8118518,0
DKT1178790,19
DKT8118521,0
DKT1178794,15
DKT8125767,0
DKT1198543,23
DKT1198544,41
DKT1198545,38
DKT1198546,29
DKT1198547,23
DKT1198549,20
DKT1452013,14
DKT108791,0
DKT1198550,0
DKT8131781,0
DKT1221245,8
DKT8158024,0
DKT1283295,11
DKT8166945,0
DKT1314795,461
DKT8170735,0
DKT1331622,5
DKT8171726,0
DKT1335342,0
DKT8172130,0
DKT1336977,7
DKT1336978,7
DKT1336979,0
DKT1336980,6
DKT1336981,4
DKT1336982,4
DKT1336984,0
DKT1462020,0
DKT8172380,0
DKT1338466,8
DKT8172744,0
DKT1339684,13
DK1339684,13
DKT8172745,0
DKT1339685,0
DKT8172767,0
DKT1339790,24
DKT8177653,0
DKT1359527,19
DKT8181498,0
DKT1372382,73
DKT8187132,0
DKT1398283,0
DKT1398284,0
DKT1398285,0
DKT8193844,0
DKT1421044,16
DKT1421045,29
DK1421045,29
DKT8200579,0
DKT1446242,0
DKT8201228,0
DKT1449551,10
DKT1449552,7
DKT1449553,10
DKT1449554,0
DKT1449555,5
DKT8202708,0
DKT1458403,0
DKT8203788,0
DKT1462908,0
DKT1462909,0
DKT1462910,0
DKT1462912,0
DKT1462914,0
DKT8206212,0
DKT1472859,0
DKT8208814,0
DKT1484058,0
DKT8214895,0
DKT1504069,0
DKT8216607,0
DKT1510848,17
DKT1510849,32
DKT1510850,11
DKT1510852,5
DKT8216983,0
DKT1512623,0
DKT1512624,0
DKT1512626,0
DKT1512627,0
DKT1512628,0
DKT8216984,0
DKT1512631,0
DKT1521807,0
DKT1521808,0
DKT1521809,0
DKT1521812,0
DKT1521813,0
DKT1521811,0
DKT8228688,0
DKT1562417,0
DKT8235106,0
DKT1584236,0
DKT1584238,0
DKT8237116,0
DKT1593154,0
DKT8237117,0
DKT1593155,0
DKT8237118,0
DKT1593156,0
DKT8237122,0
DKT1593160,0
DKT8237127,0
DKT1593166,0
DKT8237229,0
DKT1593487,0
DKT8237965,0
DKT1596547,0
DKT1596548,7
DKT1596549,0
DKT1596550,0
DKT1596552,0
DKT8237967,0
DKT1596562,0
DKT8243066,0
DKT1620694,7
DKT8243120,0
DKT1620979,0
DKT8245139,0
DKT1629901,23
DKT8271149,0
DKT1656029,4
DKT1656030,12
DKT73921,48
DKT8277366,0
DKT1681551,7
DKT1681552,28
DKT8277368,0
DKT1681556,14
DKT1681557,4
DKT8279042,0
DKT1690073,0
DKT8279248,0
DKT1691296,0
DKT8280228,0
DKT1695638,12
DKT1695639,0
DKT1695640,11
DKT1695641,11
DKT1695642,23
DKT8280294,0
DKT1695980,7
DKT8281184,0
DKT1699940,0
DKT8284498,0
DKT1714140,0
DKT8286996,0
DKT1727689,73
DKT8289896,0
DKT1746752,0
DKT8289897,0
DKT1746753,5
DKT8293230,0
DKT1764319,0
DKT8295138,0
DKT1773994,35
DKT8295325,0
DKT1774744,23
DKT8297562,0
DKT1787361,24
DKT1787362,10
DKT1787363,10
DKT1787364,14
DKT1787366,31
DKT1787369,4
DKT1787360,32
DKT1787367,19
DKT1787368,9
DKT8297571,0
DKT1787400,16
DKT1787401,36
DKT1787402,5
DKT1787404,11
DKT1787405,15
DKT1787399,10
DKT1787407,8
DKT1787408,13
DKT1787447,17
DKT8298688,0
DKT1793495,0
DKT8299115,0
DKT1796031,16
DKT8299246,0
DKT1796820,0
DKT8300156,0
DKT1802568,0
DKT8300326,0
DKT1803677,35
DKT1803678,54
DKT1803679,18
DKT4242203,0
DKT4242202,0
DKT8300367,0
DKT1803943,0
DKT1803944,0
DKT1803945,0
DKT8300369,0
DKT1803966,0
DKT1803968,0
DKT8300838,0
DKT1809066,0
DKT1814988,18
DKT8302792,0
DKT1824001,0
DKT8303438,0
DKT1828367,0
DKT8303580,0
DKT1829004,0
DKT8305054,0
DKT23191,0
DKT8305056,0
DKT23203,0
DKT8305982,0
DKT49823,6
DKT49841,12
DKT49849,10
DKT49853,9
DKT49856,16
DKT49861,6
DKT8306929,0
DKT68562,26
DKT68571,25
DKT68576,15
DKT68588,24
DKT68594,13
DKT8307432,0
DKT75632,0
DKT75637,11
DKT75645,0
DKT75650,13
DKT75653,7
DKT75661,0
DKT75662,0
DKT8307606,0
DKT78540,0
DKT78543,0
DKT78546,0
DKT78547,0
DKT78551,0
DKT8307991,0
DKT87590,0
DKT87597,0
DKT87608,0
DKT87624,0
DKT8309993,0
DKT151669,0
DKT8311102,0
DKT176498,0
DKT8311104,0
DKT176513,0
DKT8313706,0
DKT260748,9
DKT8315794,0
DKT330584,0
DKT330590,0
DKT330601,0
DKT330604,0
DKT330644,0
DKT8319012,0
DKT405459,0
DKT405463,0
DKT8319291,0
DKT414648,9
DKT414649,23
DKT414656,15
DKT8320817,0
DKT457940,6
DKT8322425,0
DKT492344,5
DKT8322807,0
DKT496315,80
DKT8322808,0
DKT496321,91
DKT8323817,0
DKT507565,0
DKT8323969,0
DKT509082,0
DKT8324354,0
DKT516524,0
DKT8325052,0
DKT527017,4
DKT8325142,0
DKT528745,13
DKT528753,30
DKT528758,13
DKT528759,36
DKT528761,14
DKT528772,31
DKT599687,32
DKT533269,22
DKT536322,13
DKT536328,4
DKT536349,4
DKT536362,0
DKT536369,0
DKT8327265,0
DKT569370,0
DKT569374,0
DKT569379,0
DKT569380,4
DKT569387,0
DKT8327267,0
DKT569414,4
DKT569417,0
DKT569428,0
DKT569441,0
DKT569440,5
DKT8327276,0
DKT569563,0
DKT569564,0
DKT569568,0
DKT569571,0
DKT569573,0
DKT8328053,0
DKT579736,9
DKT8328483,0
DKT583764,7
DKT8328484,0
DKT583765,0
DKT8328686,0
DKT585179,0
DKT585194,0
DKT8328723,0
DKT585727,8
DKT585735,9
DKT585740,22
DKT585741,7
DKT585743,5
DKT585730,11
DKT585739,13
DKT8328832,0
DKT586824,0
DKT8329069,0
DKT589015,0
DKT8329334,0
DKT591382,0
DKT591385,0
DKT591386,0
DKT8329439,0
DKT592602,0
DKT592603,0
DKT592605,0
DKT8329891,0
DKT598745,0
DKT8330394,0
DKT605498,0
DKT8331659,0
DKT634409,0
DKT8332146,0
DKT646221,25
DKT8334028,0
DKT674032,0
DKT8334271,0
DKT676623,0
DKT8334342,0
DKT677996,0
DKT8334494,0
DKT679764,0
DKT8334529,0
DKT680304,0
DKT680305,0
DKT680312,0
DKT8336028,0
DKT702278,7
DKT702282,0
DKT702283,9
DKT702290,13
DKT702291,14
DKT702295,7
DKT8336032,0
DKT702389,0
DKT702391,0
DKT702397,0
DKT702403,0
DKT702405,0
DKT702406,0
DKT8336573,0
DKT712792,10
DKT8336656,0
DKT713872,0
DKT713883,0
DKT8337459,0
DKT728094,0
DKT2576208,0
DKT729173,0
DKT729201,0
DKT729220,0
DKT729228,0
DKT8338355,0
DKT746125,32
DKT8338356,0
DKT746129,27
DKT8338357,0
DKT746133,33
DKT8338477,0
DKT746943,0
DKT8338955,0
DKT753869,0
DKT8339776,0
DKT774731,9
DKT774733,9
DKT774736,0
DKT774737,7
DKT8340511,0
DKT796776,300
DKT8340531,0
DKT797014,442
DKT8340631,0
DKT797986,4
DKT8340632,0
DKT797990,0
DKT830363,4
DKT830381,0
DKT830434,0
DKT830442,0
DKT830456,0
DKT830463,0
DKT830464,0
DKT850402,0
DKT850404,0
DKT850409,0
DKT8342382,0
DKT849214,28
DKT849332,19
DKT8342902,0
DKT865081,38
DKT8343601,0
DKT882521,11
DKT8344978,0
DKT1834416,0
DKT8347479,0
DKT1851115,0
DKT1851116,0
DKT1853762,0
DKT1851117,0
DKT1851119,0
DKT1851118,0
DK1851116,0
DK1853762,0
DK1851115,0
DKT8347723,0
DKT1852583,0
DKT1852580,0
DKT1852581,0
DKT8347729,0
DKT1852596,0
DKT8347730,0
DKT1852597,0
DKT8348757,0
DKT1857369,29
DKT8348915,0
DKT1858148,0
DKT8349283,0
DKT1859195,20
DKT1859197,8
DKT1859198,22
DKT1859199,44
DKT8349330,0
DKT1859343,0
DKT1859344,0
DKT1859345,0
DKT1859346,0
DKT8349385,0
DKT1859654,4
DKT8349924,0
DKT1862054,10
DKT8350066,0
DKT1862747,0
DKT8350117,0
DKT1862900,0
DKT1862902,7
DKT1862903,10
DKT8350125,0
DKT1862926,0
DKT1862927,0
DKT1862929,0
DKT1864727,0
DKT8350706,0
DKT2000129,7
DKT2001174,13
DKT2001175,0
DKT2001176,5
DKT2001177,0
DKT2001178,13
DKT2001182,0
DKT2001181,0
DKT8350865,0
DKT2001183,17
DKT2001184,7
DKT2001185,6
DKT2001186,5
DKT2001187,19
DKT2001188,27
DKT2001189,0
DKT2001190,0
DKT2001191,0
DKT8351158,0
DKT2002760,13
DKT8351325,0
DKT2003392,62
DKT8351535,0
DKT2004397,28
DKT2004398,13
DKT2004399,29
DKT2004400,16
DKT2004401,13
DKT2004402,0
DKT2004403,0
DKT8351657,0
DKT2005020,0
DKT8351658,0
DKT2005021,63
DKT2005022,77
DKT2005023,62
DKT2005024,77
DKT2005025,33
DKT2005026,85
DKT2005027,15
DKT2005028,103
DKT2005029,101
DKT2005030,16
DKT2005031,106
DKT2005032,100
DKT2005033,5
DKT2884685,10
DKT8351659,0
DKT2005034,6
DKT2005035,0
DKT2005036,6
DKT2005037,6
DKT2005038,5
DKT2005039,8
DKT2005040,7
DKT2005041,17
DKT2005042,14
DKT2005043,7
DKT2005044,6
DKT2005045,5
DKT2005046,9
DKT8351660,0
DKT2005047,17
DKT2005048,22
DKT2005049,73
DKT2005050,86
DKT2005051,67
DKT2005052,68
DKT2005053,66
DKT2005054,29
DKT2005055,32
DKT2005056,51
DKT2005057,71
DKT2005058,24
DKT2005059,72
DKT2005494,17
DKT2005495,13
DKT2005496,12
DKT2005497,18
DKT2005498,11
DKT2005499,24
DKT2005502,21
DKT2005500,21
DKT2005501,12
DKT2005503,19
DKT2005686,5
DKT2005687,5
DKT2005688,20
DKT2005689,14
DKT2005690,6
DKT2005691,11
DKT2005692,15
DKT8351925,0
DKT2006364,0
DKT2006571,19
DKT2006572,9
DKT2006573,0
DKT2006574,16
DKT2006575,7
DKT2006576,0
DKT2006577,6
DKT8352100,0
DKT2007282,0
DKT8352108,0
DKT2007319,246
DKT2007468,64
DKT8352322,0
DKT2008132,12
DKT2008133,17
DKT8352323,0
DKT2008134,13
DKT2008135,17
DKT8352756,0
DKT2010291,0
DKT2010842,10
DKT2010843,8
DKT2010844,6
DKT2010845,0
DKT2010846,0
DKT8352945,0
DKT2011064,5
DKT8353087,0
DKT2011778,8
DKT8353336,0
DKT2012761,27
DKT2012762,25
DKT2012763,18
DKT2012764,0
DKT2012765,0
DKT8353338,0
DKT2012772,9
DKT2012773,9
DKT2012774,6
DKT2012775,4
DKT2012776,0
DKT8353341,0
DKT2012793,7
DKT2012794,7
DKT2012795,4
DKT2012796,0
DKT8353444,0
DKT2013060,0
DKT2013061,0
DKT2013062,0
DKT2013064,5
DKT2013065,0
DKT2013066,0
DKT2013067,0
DKT8353481,0
DKT2013187,0
DKT8353799,0
DKT2013937,0
DKT8353800,0
DKT2013938,9
DKT8353801,0
DKT2013939,7
DKT8354073,0
DKT2014866,0
DKT2014867,0
DKT8354157,0
DKT2015143,0
DKT2015144,0
DKT2015147,0
DKT8354165,0
DKT2015183,0
DKT2015184,18
DKT2015185,17
DKT2015186,0
DKT2015187,0
DKT8354266,0
DKT2015646,30
DKT2015648,25
DKT2015650,26
DKT2015651,20
DKT2015652,30
DKT2015647,24
DKT2015649,22
DKT8354268,0
DKT2015661,13
DKT2015662,17
DKT2015663,14
DKT2015666,30
DKT2015667,14
DKT2024090,10
DKT2015660,10
DKT2015668,21
DKT2015669,14
DKT2016091,35
DKT8354608,0
DKT2016645,0
DKT8354814,0
DKT2017318,6
DKT8354815,0
DKT2017319,0
DKT8354816,0
DKT2017320,4
DKT8354818,0
DKT2017322,0
DKT8354819,0
DKT2017323,0
DKT8355043,0
DKT2018373,0
DKT2018374,0
DKT2018375,0
DKT2018376,0
DKT2018377,0
DKT2018378,0
DKT2018379,0
DKT8356213,0
DKT2023988,0
DKT8356614,0
DKT2027243,0
DKT8356615,0
DKT2027244,0
DKT8356619,0
DKT2027248,0
DKT8356787,0
DKT2027952,41
DKT8356808,0
DKT2028007,7
DKT2028008,6
DKT2028009,5
DKT2028010,0
DKT2028011,7
DKT2028012,9
DKT8357138,0
DKT2029578,0
DKT2029579,0
DKT2029580,0
DKT2029581,0
DKT2029582,0
DKT2029583,0
DKT2029584,0
DKT2029585,0
DKT8357352,0
DKT2030817,14
DK2030817,14
DKT8357753,0
DKT2033191,7
DKT2033192,9
DKT2033193,9
DKT2033194,10
DKT2033195,16
DKT2033190,8
DKT2033196,4
DKT2033197,6
DKT2567437,0
DKT8357775,0
DKT2033326,18
DKT8357785,0
DKT2033361,0
DKT2033362,0
DKT2033363,0
DKT8358098,0
DKT2035334,9
DKT8358099,0
DKT2035335,10
DKT8358133,0
DKT2035661,16
DKT8358158,0
DKT2035741,0
DKT8358212,0
DKT2035954,0
DKT8358263,0
DKT2036170,20
DKT2036171,29
DKT2036172,16
DKT2036173,13
DKT2036174,18
DKT2036175,4
DKT4289415,0
DKT8358391,0
DKT2037013,8
DKT2037014,0
DKT2037015,5
DKT8358394,0
DKT2037021,0
DKT2037022,0
DKT2037023,0
DKT2037024,0
DKT8358398,0
DKT2037032,5
DKT2037033,0
DKT2037034,8
DKT8358548,0
DKT2037498,0
DKT2037499,0
DKT2037500,0
DKT2037501,0
DKT2037503,0
DKT2037504,0
DKT8358551,0
DKT2037525,0
DKT2037526,0
DKT2037527,0
DKT2037528,0
DKT2037530,0
DKT2037531,0
DKT2037532,0
DKT2037529,0
DKT8359021,0
DKT2039805,0
DKT8359049,0
DKT2039913,0
DKT8359118,0
DKT2040222,76
DKT8359119,0
DKT2040223,29
DKT8359121,0
DKT2040225,0
DKT8359124,0
DKT2040228,0
DKT8359128,0
DKT2040232,18
DKT8359204,0
DKT2040726,23
DKT8359211,0
DKT2040858,0
DKT8359643,0
DKT2043091,0
DKT2047255,19
DKT8360801,0
DKT2047263,37
DKT8361179,0
DKT2048619,8
DKT8361287,0
DKT2048879,31
DKT8361408,0
DKT2051110,0
DKT2051111,0
DKT2051112,0
DKT2051113,0
DKT2051114,0
DKT2051115,0
DKT2051116,0
DKT8361506,0
DKT2052109,9
DKT2052110,13
DKT2052112,4
DKT2052113,7
DKT2052111,5
DKT8363045,0
DKT2067673,0
DKT8363092,0
DKT2068041,0
DKT8364273,0
DKT2075692,0
DKT2075690,0
DK2075690,0
DKT8364274,0
DKT2075695,0
DKT2075696,0
DKT2075697,0
DKT2075694,0
DKT8364416,0
DKT2076030,38
DKT8365083,0
DKT2079215,0
DKT2079216,0
DKT2079217,0
DKT2079218,5
DKT2079219,0
DKT8365142,0
DKT2080208,0
DKT2080209,0
DKT8365166,0
DKT2080351,0
DKT8365192,0
DKT2080460,5
DKT2080461,16
DKT2080462,0
DKT2080463,0
DKT2080464,0
DKT2089284,0
DKT8365310,0
DKT2080939,16
DKT8366197,0
DKT2085087,16
DKT2085086,5
DKT2085088,6
DKT2085089,10
DKT2085090,25
DKT8366244,0
DKT2085334,0
DKT2085336,0
DKT2088186,20
DKT2088187,0
DKT2088188,0
DKT2088190,0
DKT8366743,0
DKT2088277,0
DKT2088278,4
DKT2088279,14
DKT2088280,0
DKT2088281,0
DKT2088624,9
DKT2088625,10
DKT2088626,6
DKT2088627,5
DKT2088628,10
DKT2088629,6
DKT2088630,9
DKT2088631,9
DKT2088632,11
DKT2088633,7
DKT2088634,8
DKT8367591,0
DKT2094943,8
DKT2094942,8
DKT2094944,9
DKT2094945,15
DKT2094946,31
DKT8367921,0
DKT2096653,0
DKT2096654,0
DKT2096655,0
DKT2096656,0
DKT2096657,0
DKT2101411,0
DKT2101412,0
DKT2101413,0
DKT2101414,0
DKT2101415,0
DKT2101416,0
DKT2101417,0
DKT2101418,4
DKT2101419,5
DKT2101420,0
DKT2101421,5
DKT2101422,0
DKT2101423,4
DKT2111288,26
DKT8369006,0
DKT2111640,75
DKT8369790,0
DKT2115593,18
DKT8370043,0
DKT2117126,0
DKT8370591,0
DKT2121808,16
DKT8371278,0
DKT2125951,0
DKT2125952,0
DKT2125953,0
DKT2125954,0
DKT8371280,0
DKT2125961,0
DKT2125962,5
DKT2125963,0
DKT8372914,0
DKT2133133,0
DKT2133134,0
DKT2133135,0
DKT2133136,0
DKT2133124,0
DKT2133125,0
DKT2133126,0
DKT2133127,0
DKT2133128,0
DKT2133129,0
DKT2133130,0
DKT2133131,0
DKT2133132,0
DKT8372972,0
DKT2132464,21
DKT2132465,16
DKT2132466,12
DKT2132467,7
DKT2132468,0
DKT2132469,11
DKT2132470,5
DKT2132471,0
DKT2132472,0
DKT8372995,0
DKT2133847,24
DKT2133848,12
DKT2133849,16
DKT2133850,25
DKT2133851,18
DKT2133852,0
DKT2133853,10
DKT8373737,0
DKT2140064,0
DKT2140065,0
DKT2140066,0
DKT2140067,0
DKT2140068,0
DKT2140069,0
DKT2140071,0
DKT2140072,0
DKT2140073,0
DKT2140074,0
DKT2140075,0
DKT2611603,0
DKT2611604,0
DKT8373900,0
DKT2139358,13
DKT2139359,42
DKT2358811,41
DKT8373901,0
DKT2139360,25
DKT2139361,60
DKT2358810,29
DKT8373958,0
DKT2139674,11
DKT8374099,0
DKT2141867,11
DKT2141868,0
DKT2141869,4
DKT2141870,28
DKT8374110,0
DKT2142057,0
DKT2142058,0
DKT2142059,0
DKT2142060,0
DKT2142061,0
DKT2396566,0
DKT8374449,0
DKT2142146,0
DKT2142147,0
DKT2142148,0
DKT2142149,0
DKT2142144,0
DKT8374450,0
DKT2142153,0
DKT2142154,4
DKT2142155,10
DKT2142156,6
DKT2142157,4
DKT8374454,0
DKT2142165,10
DKT2142166,6
DKT2142167,29
DKT2142168,31
DKT8374455,0
DKT2142171,0
DKT2142172,0
DKT2142173,0
DKT2142174,0
DKT8374530,0
DKT2142612,5
DKT2142613,0
DKT2142615,11
DKT2142616,5
DKT8374697,0
DKT2143099,18
DKT8375288,0
DKT2161416,7
DKT2161417,0
DKT2161418,0
DKT2161419,0
DKT8376493,0
DKT2157220,44
DKT2157221,28
DKT8376496,0
DKT2157223,0
DKT8376583,0
DKT2157799,0
DKT8377410,0
DKT2160940,5
DKT8377415,0
DKT2160967,10
DKT8377574,0
DKT2162751,0
DKT2162753,0
DKT2162754,0
DKT2162755,0
DKT2162756,0
DKT2162757,0
DKT2162758,0
DKT2162759,0
DKT2162760,0
DKT2162761,0
DKT2162762,0
DKT2162763,0
DKT2162765,0
DKT2162752,0
DKT2162764,0
DKT8377575,0
DKT2162766,0
DKT2162768,0
DKT2162769,0
DKT2162770,0
DKT2162771,0
DKT2162772,0
DKT2162773,0
DKT2162774,0
DKT2162775,0
DKT2162776,0
DKT2162777,0
DKT2162778,0
DKT2162780,0
DKT2162767,0
DKT2162779,0
DKT2163055,18
DKT8378237,0
DKT2165271,4
DKT2168567,0
DKT2168568,0
DKT2168569,0
DKT2168570,0
DKT8379531,0
DKT2170697,0
DKT8379543,0
DKT2170742,113
DKT8379591,0
DKT2171009,0
DKT8379592,0
DKT2171010,0
DKT8379593,0
DKT2171011,7
DKT8379683,0
DKT2171260,0
DKT8379684,0
DKT2171261,0
DKT2171262,96
DKT8379822,0
DKT2171983,0
DKT8380098,0
DKT2173450,108
DKT8380104,0
DKT2173464,16
DKT2173465,33
DKT2173466,25
DKT2173467,22
DKT2173468,16
DKT2173469,5
DKT8380178,0
DKT2173890,0
DKT2173891,0
DKT2173892,36
DKT2173893,33
DKT2173894,0
DKT2174743,4
DKT2174745,0
DKT2174746,0
DKT2174747,0
DKT2174748,0
DKT2174749,0
DKT8380428,0
DKT2175233,42
DKT8380453,0
DKT2175343,7
DKT8380502,0
DKT2175555,0
DKT8380626,0
DKT2176146,5
DKT2176403,0
DKT2176404,0
DKT2176405,0
DKT2176406,0
DKT2176407,0
DKT2500119,0
DKT8380690,0
DKT2176485,0
DKT8380746,0
DKT2176687,0
DKT2176688,0
DKT2176689,0
DKT2176690,0
DKT2176691,0
DKT2176706,0
DKT2177051,0
DKT2177052,0
DKT2177053,0
DKT2177054,0
DKT2177055,0
DKT2177056,0
DKT2177505,0
DKT2177508,0
DKT2177512,0
DKT2177514,0
DKT8381098,0
DKT2178240,18
DKT8381472,0
DKT2179997,0
DKT8381582,0
DKT2180408,0
DKT8381864,0
DKT2181768,4
DKT2181769,5
DKT2181770,5
DKT2181771,0
DKT2181772,8
DKT2182105,9
DKT2182106,0
DKT2182107,32
DKT2182108,20
DKT2182109,16
DKT2182120,0
DKT2182121,0
DKT2182122,0
DKT2182123,0
DKT2182124,0
DKT2182135,8
DKT2182136,11
DKT2182137,20
DKT2182138,12
DKT2182139,6
DKT2190224,0
DKT2190225,0
DKT2182155,12
DKT2182157,8
DKT2182159,7
DKT2182161,12
DKT2182610,9
DKT2183011,0
DKT8382192,0
DKT2183317,18
DKT8382193,0
DKT2183318,10
DKT8382416,0
DKT2184627,14
DKT2734778,0
DKT2184625,19
DKT2184624,14
DKT2184623,14
DKT2202977,0
DKT2184626,13
DKT2184622,10
DKT8382418,0
DKT2184629,6
DKT2184630,9
DKT2184631,12
DKT2184632,16
DKT2184633,6
DKT4242232,0
DKT8382464,0
DKT2184831,0
DKT2184832,0
DKT2184829,0
DKT2184830,0
DKT8383002,0
DKT2187753,380
DKT8383014,0
DKT2187765,30
DKT8383356,0
DKT2189729,20
DKT2189728,26
DKT2189730,17
DKT2189731,26
DKT2189732,21
DKT2189733,17
DKT8383357,0
DKT2189735,0
DKT2189734,0
DKT2189738,0
DKT8383447,0
DKT2190251,5
DKT2190252,0
DKT2190253,0
DKT2190254,0
DKT8383449,0
DKT2190263,0
DKT2190264,0
DKT2190266,0
DK2190265,0
DKT8383484,0
DKT2190405,14
DKT2190406,9
DKT2190407,11
DKT2190408,9
DKT2190409,7
DKT2190410,17
DKT8383486,0
DKT2190417,28
DKT2190418,17
DKT2190419,0
DKT2190420,0
DKT2190421,0
DKT2190422,26
DKT8383493,0
DKT2190453,8
DKT2190454,10
DKT2190455,20
DKT2190456,7
DKT2190457,16
DKT2190458,5
DKT8383563,0
DKT2190878,6
DKT8383564,0
DKT2190880,0
DKT8383593,0
DKT2191094,9
DKT8383598,0
DKT2191099,0
DKT8383599,0
DKT2191100,0
DKT8383799,0
DKT2192027,15
DKT2192028,0
DKT2192029,15
DKT8383800,0
DKT2192030,0
DKT2192031,0
DKT8383802,0
DKT2192034,0
DKT2192035,0
DKT2192036,0
DKT2192037,0
DKT2192264,5
DKT8383887,0
DKT2192465,0
DKT2192466,0
DKT2192467,0
DKT2192468,0
DKT2192469,0
DKT2192464,0
DKT2192470,0
DKT8383934,0
DK2192635,9
DK2192641,0
DKT2192833,0
DKT2192844,21
DKT8384190,0
DKT2193704,214
DKT2193705,21
DKT8384241,0
DKT2193925,0
DKT2193926,0
DKT2193927,0
DKT2193923,0
DKT2193924,0
DK2193924,0
DK2193926,0
DK2193927,0
DK2193923,0
DK2193925,0
DKT2197072,7
DKT8385106,0
DKT2197624,6
DKT8385291,0
DKT2198505,9
DKT8385347,0
DKT2198733,5
DKT2198734,5
DKT2198732,7
DKT8385349,0
DKT2198742,5
DKT2198743,16
DKT2198744,12
DKT2199174,6
DKT2199175,19
DKT8385355,0
DKT2198760,12
DKT2198761,6
DKT8385367,0
DKT2198792,22
DKT2198795,0
DKT2198796,11
DKT2198797,10
DKT2198798,19
DKT8385371,0
DKT2198812,4
DKT2198813,4
DKT2198814,5
DKT2198815,9
DKT8385373,0
DKT2198820,16
DKT2198823,16
DKT2198824,5
DKT2198825,10
DKT2198826,9
DKT2199142,51
DKT8385480,0
DKT2199147,7
DKT8385556,0
DKT2203089,0
DKT2203090,0
DKT2203091,0
DKT8385654,0
DKT2203451,5
DKT2203453,0
DKT2203454,4
DKT2729533,9
DKT2203452,5
DKT8386030,0
DKT2210295,19
DKT8386248,0
DKT2215028,0
DKT2215029,0
DKT2215030,0
DKT8386249,0
DKT2215031,0
DKT2215032,0
DKT2215033,0
DKT8386313,0
DKT2215936,0
DKT8386317,0
DKT2215940,0
DKT8386454,0
DKT2216661,25
DKT2216662,4
DKT2216663,0
DKT2216664,0
DKT8386458,0
DKT2216686,0
DKT2216687,0
DKT2216688,0
DKT8386667,0
DKT2218120,11
DKT8386669,0
DKT2218122,14
DKT8386914,0
DKT2219512,0
DKT8387455,0
DKT2224908,13
DKT8387460,0
DKT2224913,24
DKT8387857,0
DKT2226648,40
DKT8387938,0
DKT2226850,0
DKT2226851,0
DKT2226852,0
DKT2226853,0
DKT2227861,0
DKT8387941,0
DKT2226874,0
DKT2226875,0
DKT2226876,0
DKT2226877,0
DKT2226878,0
DKT8387978,0
DKT2227005,0
DKT2227006,0
DKT2227007,0
DKT2227008,0
DKT2227009,0
DKT2227010,0
DKT2227011,0
DKT2227012,0
DKT8388237,0
DK2228373,4
DKT8388647,0
DKT2231858,0
DKT2231859,0
DKT2231862,0
DKT2231857,18
DKT2231860,0
DKT2231861,0
DKT8388745,0
DKT2232430,0
DKT8388830,0
DKT2232657,0
DKT2232658,4
DKT2232659,9
DKT2232660,10
DKT2232661,10
DKT8388958,0
DKT2233357,0
DKT2233358,5
DKT2233359,6
DKT2233360,10
DKT2233361,6
DKT8389128,0
DKT2234378,0
DKT8389644,0
DKT2235828,8
DKT8390364,0
DKT2243711,78
DKT8391498,0
DKT2247196,0
DKT2249309,26
DKT2249668,9
DKT2249669,0
DKT2249670,0
DKT2249671,0
DKT2249672,0
DKT2249673,0
DKT2249676,4
DKT2249674,0
DKT2249675,0
DKT2249677,0
DKT2249691,28
DKT2249692,16
DKT2249693,12
DKT2249694,19
DKT2249695,0
DKT2249696,0
DKT2249697,0
DKT8392371,0
DKT2305484,0
DKT8392535,0
DKT2306094,0
DKT8393899,0
DKT2313076,0
DKT8393900,0
DKT2313077,0
DKT2313235,12
DKT2313236,7
DKT2313238,18
DKT2313239,9
DKT2313240,10
DKT2313241,8
DKT2313243,7
DKT2314378,0
DKT2314379,0
DKT2314380,0
DKT2314381,0
DKT8394196,0
DKT2314532,0
DKT2314533,0
DKT2314534,0
DKT2314535,0
DKT2314536,0
DKT8394288,0
DKT2314896,0
DKT2314897,0
DKT2314892,0
DKT2314893,0
DKT2314894,0
DKT8394499,0
DKT2340486,0
DKT2340488,0
DKT2340489,0
DKT2340490,0
DKT2340491,0
DKT2340492,0
DKT2340493,0
DKT2945359,0
DKT2945360,0
DKT8394501,0
DKT2340527,0
DKT2340528,10
DKT2340529,0
DKT2340530,0
DKT2340531,5
DKT2340532,5
DKT8394844,0
DKT2342441,6
DKT2342439,9
DKT2342440,4
DK2342442,4
DK2342443,5
DKT8394845,0
DKT2342446,7
DKT2342447,4
DKT2342448,0
DKT2342444,10
DKT2342445,12
DKT8394955,0
DKT2343059,0
DKT2343060,0
DKT2343061,0
DKT2343062,0
DKT2343063,0
DKT8394956,0
DKT2343067,9
DKT2343068,0
DKT2343070,0
DKT2343071,5
DKT2343069,0
DKT8395032,0
DKT2308146,39
DKT2308147,5
DKT2308148,96
DKT2308149,0
DKT8395033,0
DKT2308150,36
DKT2308151,45
DKT2308152,33
DKT8395040,0
DKT2308195,17
DKT2308196,10
DKT2308197,0
DKT8395141,0
DKT2311933,0
DKT2311934,0
DKT2380849,0
DKT8395147,0
DKT2311954,0
DKT2311955,0
DKT2311956,0
DKT8395148,0
DKT2311957,0
DKT2311958,0
DKT2380846,0
DKT8395749,0
DKT2346228,0
DKT8396619,0
DKT2351064,4
DKT2351066,29
DKT2351065,6
DKT8396620,0
DKT2351067,0
DKT2351068,0
DKT2351069,0
DKT8396633,0
DKT2351133,35
DKT2351134,6
DKT2351135,5
DKT2351136,12
DKT8396634,0
DKT2351137,12
DKT2351138,0
DKT2351139,0
DKT2351140,11
DKT8396635,0
DKT2351141,14
DKT2351142,0
DKT2351143,6
DKT2351145,7
DKT8396644,0
DKT2351180,0
DKT2351181,0
DKT2351182,0
DKT8397088,0
DKT2353555,7
DKT2353556,7
DKT2353557,6
DKT2353558,0
DKT2353559,5
DKT2353560,0
DKT2353561,0
DKT8397881,0
DKT2357001,0
DKT2357002,11
DKT2357003,0
DKT2357004,0
DKT2357005,0
DKT2357006,0
DKT2357007,0
DKT2357008,4
DKT2357009,5
DKT8398028,0
DKT2357525,0
DKT2357526,0
DKT2357531,0
DKT2357532,0
DKT2357533,0
DKT2357534,0
DKT2357524,0
DKT2357527,0
DKT2357528,0
DKT2357529,0
DKT2357530,0
DKT8398029,0
DKT2357535,0
DKT2357536,5
DKT2357537,0
DKT2357538,28
DKT2357539,15
DKT2357540,22
DKT2357541,8
DKT2357542,0
DKT2357543,0
DKT8398040,0
DKT2357569,0
DKT8398382,0
DKT2359126,10
DKT8398415,0
DKT2359274,17
DKT2493526,12
DKT8398416,0
DKT2359276,18
DKT2493523,18
DKT2362296,0
DKT2362297,7
DKT2362298,0
DKT2362299,0
DKT2362300,4
DKT2500573,5
DKT8399414,0
DKT2365171,4
DKT8401137,0
DKT2372716,0
DKT8401938,0
DKT2398060,6
DKT8401951,0
DKT2398075,0
DKT8402106,0
DKT2540278,40
DKT8402372,0
DKT2399769,26
DKT8402383,0
DKT2399777,0
DKT8402462,0
DKT2400049,12
DKT2400050,13
DKT2400051,12
DKT2400052,12
DKT2400053,13
DKT2400054,16
DKT2400055,32
DKT2400057,8
DKT8402701,0
DKT2399436,25
DKT2542490,0
DKT2542882,0
DKT2542883,0
DKT2542884,0
DKT2542885,0
DKT2542886,0
DKT2542887,0
DKT2542891,0
DKT2542889,0
DKT2542890,0
DKT2543273,0
DKT2543274,0
DKT2543275,0
DKT2543276,0
DKT2543277,0
DKT2543278,0
DKT2543281,0
DKT2543279,0
DKT2543280,0
DKT8403210,0
DKT2543517,0
DKT8403328,0
DKT2544190,17
DKT2544192,11
DKT2544193,12
DKT2544194,10
DKT8403426,0
DKT2544784,0
DKT2544785,11
DKT2544786,11
DKT2544787,16
DKT2544788,23
DKT2544789,21
DKT2544791,15
DKT2544792,17
DKT2544793,11
DKT2544794,17
DKT2544795,12
DKT2544790,10
DKT8403619,0
DKT2397628,21
DKT8403764,0
DKT2398028,119
DKT8404044,0
DKT2385644,5
DKT2385645,0
DKT2385646,0
DKT2385647,0
DKT2385648,0
DKT2385649,0
DKT2476161,0
DKT8404222,0
DKT2390458,0
DKT2390460,0
DKT2390462,0
DKT2390464,0
DKT2390466,0
DKT2390469,0
DKT8404508,0
DKT2402816,0
DKT2387004,47
DKT8404900,0
DKT2387087,0
DKT8404989,0
DKT2387933,0
DKT2387935,0
DKT2387936,0
DKT2387937,0
DKT2387938,0
DKT8405091,0
DKT2382743,16
DKT8405103,0
DKT2382755,13
DKT2381298,0
DKT2381300,0
DKT2381301,0
DKT2381303,0
DKT2381451,0
DKT8405288,0
DKT2686636,13
DKT2686638,17
DKT2686640,20
DKT2686643,11
DKT2686645,12
DKT8405355,0
DKT2387672,72
DKT2459153,28
DKT2459154,55
DKT2387669,34
DKT2387694,10
DKT2387699,13
DKT2387700,12
DKT2387701,15
DKT2387702,30
DKT8405383,0
DKT2387773,10
DKT8405461,0
DKT2391665,169
DKT8405493,0
DKT2391764,0
DKT8406627,0
DKT2408310,0
DKT8406667,0
DKT2408496,13
DKT2408497,21
DKT2408498,0
DKT2408499,8
DKT2408500,7
DKT8406669,0
DKT2408508,8
DKT2408509,17
DKT2408510,14
DKT2408511,10
DKT2408512,8
DKT8406699,0
DKT2408664,9
DKT2408665,0
DKT2408666,5
DKT2408667,0
DKT2408668,9
DKT8406700,0
DKT2408669,0
DKT2408670,4
DKT2408671,5
DKT2408672,0
DKT2408673,7
DKT8406701,0
DKT2408674,0
DKT2408678,0
DKT2408675,0
DKT2408676,0
DKT2408677,0
DKT8406979,0
DKT2409725,100
DKT2409726,0
DKT2409728,0
DKT2409727,0
DKT2729544,0
DKT8407017,0
DKT2409838,6
DKT8407153,0
DKT2410354,0
DKT8407154,0
DKT2410355,0
DKT8407160,0
DKT2410365,42
DKT2410366,48
DKT2410367,28
DKT2410368,21
DKT2410369,11
DKT2410370,24
DKT2410371,60
DKT8407933,0
DKT2413401,9
DKT8407951,0
DKT2413438,0
DKT8407967,0
DKT2413496,0
DKT8408336,0
DKT2415172,0
DKT8408496,0
DKT2415649,0
DKT8408534,0
DKT2415817,21
DKT2416009,14
DKT8408761,0
DKT2416861,8
DKT8409479,0
DKT2428237,0
DKT2428238,7
DKT2428239,10
DKT2428240,4
DKT8409480,0
DKT2428241,8
DKT8484042,0
DKT2526230,0
DKT2526232,0
DKT2526233,0
DKT2526235,0
DKT8484123,0
DKT2526774,4
DKT8484124,0
DKT2526775,0
DKT8484405,0
DKT2528381,0
DKT8484406,0
DKT2528382,6
DKT8484465,0
DKT2528835,0
DKT2528836,0
DKT2528841,0
DKT2528837,0
DKT2528838,0
DKT2528839,0
DKT2528840,0
DKT2528842,0
DK2528835,0
DK2528836,0
DK2528841,0
DKT8484480,0
DKT2528920,11
DKT8484516,0
DKT2529135,0
DKT2529137,0
DKT2529139,0
DKT2529141,0
DKT2529143,0
DKT8484547,0
DKT2529416,10
DKT2529417,11
DKT2529418,8
DKT2529419,0
DKT2529420,0
DKT8484758,0
DKT2531211,5
DKT8484813,0
DKT2531579,8
DKT8484814,0
DKT2531580,0
DKT8484819,0
DKT2531585,27
DKT8484820,0
DKT2531586,20
DKT8484821,0
DKT2531587,4
DKT8484823,0
DKT2531589,12
DKT8484824,0
DKT2531590,0
DKT8485011,0
DKT2532545,0
DKT8485461,0
DKT2536536,0
DKT2536577,5
DKT2536578,0
DKT2536579,6
DKT8485794,0
DKT2537868,0
DKT2537869,0
DKT8485827,0
DKT2537964,46
DKT2545894,6
DKT8486008,0
DKT2546162,34
DKT2546163,48
DKT2546164,21
DKT2546165,62
DKT2475369,53
DKT8486121,0
DKT2547057,6
DKT2547058,8
DKT2547059,11
DKT2547060,7
DKT2547061,0
DKT8486144,0
DKT2547180,0
DKT2547404,12
DKT2547405,6
DKT2547406,26
DKT2547407,24
DKT2547408,10
DKT2547409,15
DKT2547412,21
DKT2547410,19
DKT2547411,7
DKT2547413,6
DKT2547415,25
DKT2547416,8
DKT2547417,5
DKT2547418,8
DKT2547419,14
DKT2547420,5
DKT2547421,22
DKT8486249,0
DKT2547792,0
DKT2547793,0
DKT2547794,0
DKT2547795,0
DKT2547796,0
DKT2547797,0
DKT2548661,0
DKT2548664,7
DKT2548665,0
DKT2548752,5
DKT2550847,0
DKT2550849,8
DKT2550850,6
DKT2550851,12
DKT2550852,7
DKT2550853,9
DKT2550854,17
DKT2550855,11
DKT2550856,10
DKT2550857,6
DKT2550858,9
DKT2550859,4
DKT2550860,6
DKT2550861,5
DKT2550895,40
DKT2550896,11
DKT8486683,0
DKT2550897,21
DKT8486722,0
DKT2551528,0
DKT8486727,0
DKT2551533,26
DKT8486978,0
DKT2538461,13
DKT8487130,0
DKT2538930,0
DKT8487248,0
DKT2539303,27
DKT8487333,0
DKT2397185,0
DKT8487421,0
DKT2392925,0
DKT2392926,5
DKT2392927,7
DKT2392928,4
DKT2392929,4
DKT2501221,0
DKT2501222,0
DKT2501223,0
DKT2501265,0
DKT2501266,0
DKT2501267,0
DKT2501268,0
DKT2501392,18
DKT2501393,74
DKT2501394,48
DKT2501395,33
DKT2501396,5
DKT2501397,4
DKT2501400,0
DKT2501406,0
DKT2501407,0
DKT2501408,0
DKT2501409,0
DKT2501410,0
DKT2501411,0
DKT2501426,7
DKT2501427,11
DKT2501428,28
DKT2501429,35
DKT2501430,0
DKT2501431,0
DKT2501432,5
DKT2501436,6
DKT2501438,0
DKT2501440,4
DKT2501444,9
DKT2501442,0
DKT2501462,0
DKT2501463,0
DKT2501464,0
DKT2501465,0
DKT2501466,0
DKT2501480,9
DKT2501481,20
DKT2501482,13
DKT2501483,8
DKT2501479,0
DKT2501484,0
DKT2501541,0
DKT2501542,0
DKT2501543,0
DKT2501545,0
DKT2501602,0
DKT2501603,0
DKT2501604,0
DKT2501605,0
DKT2501606,0
DKT2501607,0
DKT2501610,0
DKT2501608,0
DKT2501609,0
DKT2382799,4
DKT2502273,9
DKT2502275,9
DKT2502276,21
DKT2502277,14
DKT2502278,13
DKT2502279,13
DKT2504725,0
DKT2504726,0
DKT2504727,0
DKT2504728,0
DKT2504729,0
DKT2505145,5
DKT2505146,13
DKT8488556,0
DKT2512790,0
DKT2505922,0
DKT2505923,0
DKT2505924,0
DKT2505925,0
DKT2505926,0
DKT2505927,0
DKT2505929,0
DKT2505928,0
DKT2506046,0
DKT2506047,0
DKT2506048,0
DKT2506049,10
DKT2506052,0
DKT2506053,0
DKT2506054,0
DKT2506050,12
DKT2506051,7
DKT2506117,23
DKT2506118,15
DKT2506119,0
DKT2506120,6
DKT2506122,15
DKT2506124,8
DKT2506116,8
DKT2506123,10
DKT2506194,20
DKT2506195,7
DKT2506196,7
DKT2506197,4
DKT2506198,10
DKT2506199,16
DKT2506200,0
DKT2506201,0
DKT2506227,0
DKT2382797,0
DKT2507008,0
DKT2507009,0
DKT2507012,0
DKT2507376,49
DKT8488908,0
DKT2388234,7
DKT2388235,50
DKT2388236,10
DKT8488909,0
DKT2388237,28
DKT2388238,36
DKT2388239,39
DKT8488910,0
DKT2388240,0
DKT2388241,0
DKT2388242,0
DKT8488911,0
DKT2388245,0
DKT2388454,44
DKT2392036,39
DKT8488914,0
DKT2396060,10
DKT2396061,6
DKT2396062,0
DKT2396063,0
DKT2396064,0
DKT2396065,0
DKT2396066,0
DKT2507971,8
DKT2507972,31
DKT2507973,146
DKT2507974,108
DKT2507975,15
DKT2508006,0
DKT2508862,22
DKT2508863,0
DKT2508864,95
DKT2508865,35
DKT2508866,22
DKT2509643,0
DKT2509645,0
DKT8489539,0
DKT2396493,0
DKT2396494,0
DKT2396495,0
DKT2511137,0
DKT2511138,0
DKT2511139,0
DKT2511140,0
DKT2511141,0
DKT8489860,0
DKT2512147,0
DKT2512149,0
DKT2512150,0
DKT2512151,0
DKT2512152,0
DKT8489881,0
DKT2512341,8
DKT2512342,5
DKT2512343,4
DKT2512344,6
DKT2512345,11
DKT2512346,6
DKT8489882,0
DKT2512347,0
DKT2512348,0
DKT2512349,0
DKT2512350,0
DKT2512351,0
DKT2512352,0
DKT8489976,0
DKT2513393,0
DKT2513394,0
DKT2513395,0
DKT2513396,6
DKT2513397,7
DKT2513398,0
DKT2513399,8
DKT8489995,0
DKT2513487,14
DKT2513488,33
DKT2513489,14
DKT2513490,26
DKT2513491,7
DKT2513492,25
DKT8490216,0
DKT2515019,13
DKT2515020,16
DKT2515021,30
DKT2515022,19
DKT2515023,7
DKT2515024,16
DKT8490228,0
DKT2515058,0
DKT2515059,0
DKT2515060,8
DKT2515061,6
DKT2515062,6
DKT2515063,0
DKT8490563,0
DKT2517542,5
DKT8490769,0
DKT2393746,0
DKT8490793,0
DKT2393802,26
DKT8490797,0
DKT2393806,9
DKT8490829,0
DKT2396698,23
DKT8490831,0
DKT2396700,10
DKT8490843,0
DKT2396713,4
DKT8491160,0
DKT2520029,0
DKT2520030,0
DKT2520031,0
DKT2520032,0
DKT2520033,0
DKT8491165,0
DKT2520076,0
DKT2520077,0
DKT2520078,0
DKT2520079,0
DKT2520080,0
DKT8491399,0
DKT2522587,9
DKT8491587,0
DKT2397074,4
DKT8491593,0
DKT2397080,324
DKT8491829,0
DKT2524418,4
DKT8491830,0
DKT2524419,52
DKT8491831,0
DKT2524420,68
DKT8491879,0
DKT2524664,0
DKT8492093,0
DKT2553587,0
DKT2553588,0
DKT2553590,0
DKT2553591,0
DKT2553586,0
DKT2553593,0
DKT8492095,0
DKT2553607,0
DKT2553608,0
DKT2553609,0
DKT2553610,0
DKT2553611,0
DKT2553614,0
DKT2553606,0
DKT2553612,0
DKT2553613,0
DKT8492145,0
DKT2554014,0
DKT2554015,0
DKT2554016,0
DKT2554013,0
DKT2554017,0
DKT8492620,0
DKT2557898,9
DKT2557900,8
DKT2557901,10
DKT2557902,8
DKT2557903,17
DKT2557904,11
DKT2557905,8
DKT2557906,20
DKT2557908,12
DKT2557899,4
DKT2557907,6
DKT8492776,0
DKT2558797,82
DKT8492949,0
DKT2560104,0
DK2560104,0
DKT8493097,0
DKT2561167,0
DKT8493265,0
DKT2562002,21
DKT8493268,0
DKT2562006,23
DKT8493269,0
DKT2562007,4
DKT8493284,0
DKT2562082,4
DKT2562462,73
DKT8493370,0
DKT2562736,6
DKT2562738,0
DKT2562740,0
DKT2562741,0
DKT2562742,5
DKT2562737,8
DKT2562739,0
DKT8493495,0
DKT2563633,0
DKT2563634,0
DKT2563635,0
DKT8493499,0
DKT2563659,0
DKT2563660,0
DKT2563661,0
DKT8493847,0
DKT2567138,0
DKT8494804,0
DKT2573928,11
DKT2573927,17
DKT2573926,15
DKT2573925,9
DKT8494809,0
DKT2573948,0
DKT2573949,0
DKT8494856,0
DKT2574102,18
DKT8494893,0
DKT2574285,0
DKT2574286,0
DKT2574281,0
DKT2574282,0
DKT2574284,0
DKT2574280,0
DKT2574287,0
DKT8494894,0
DKT2574290,0
DKT2574292,0
DKT2574294,0
DKT2574295,0
DKT2574291,0
DKT2574293,0
DKT8495132,0
DKT2575243,0
DKT8495133,0
DKT2575244,15
DKT8495588,0
DKT2577106,0
DKT2577107,0
DKT2577108,0
DKT2577109,0
DKT2577110,0
DKT2577105,0
DKT8495589,0
DKT2577114,0
DKT2577115,0
DKT2577116,0
DKT2577117,4
DKT2577119,5
DKT2577113,0
DKT8495590,0
DKT2577125,14
DKT2577124,4
DKT2577123,0
DKT2577127,0
DKT2577122,0
DK2577128,6
DKT8495591,0
DKT2577132,0
DKT2577133,0
DKT2577135,0
DKT2577136,0
DKT2577137,6
DKT8495624,0
DKT2577357,0
DKT2577359,0
DKT2577361,0
DKT8495633,0
DKT2577407,0
DKT2577408,0
DKT2577409,0
DKT2662692,0
DKT8495634,0
DKT2577410,0
DKT2577411,0
DKT2577412,0
DKT2903241,0
DKT8495675,0
DKT2577588,0
DKT8495715,0
DKT2577656,0
DKT8495726,0
DKT2577667,0
DKT8495729,0
DKT2577670,0
DKT8495730,0
DKT2577671,0
DKT8495929,0
DKT2579025,9
DKT8495975,0
DKT2579130,0
DKT2579131,0
DKT2579132,0
DKT2579133,0
DKT2579134,0
DKT8495985,0
DKT2579183,0
DKT2579184,0
DKT2579185,0
DKT2579186,0
DKT2579187,0
DKT8496079,0
DKT2579912,0
DKT8496475,0
DKT2582130,8
DKT8496478,0
DKT2582133,0
DKT8496565,0
DKT2582572,0
DKT8496617,0
DKT2582978,8
DKT8497094,0
DKT2586617,0
DKT2586618,0
DKT2586619,0
DKT2586620,0
DKT2586622,0
DKT2586623,0
DKT2586624,0
DKT2586626,0
DKT2586625,0
DKT8497106,0
DKT2695325,0
DKT2695326,0
DKT2586731,0
DKT2586732,0
DKT2586733,0
DKT2586734,0
DKT2586735,0
DKT2586736,0
DKT2586738,0
DKT2586739,0
DKT2586740,0
DKT8497301,0
DKT2588057,0
DKT8497309,0
DKT2588066,0
DKT8497319,0
DKT2588076,0
DKT8497321,0
DKT2588078,0
DKT8497369,0
DKT2588313,0
DKT8497507,0
DKT2589298,0
DKT2589300,0
DKT2589301,0
DKT2589302,0
DKT2589303,0
DKT8497537,0
DKT2589471,45
DKT8497743,0
DKT2591149,0
DKT2591150,0
DKT2591152,0
DKT2591154,0
DKT2591156,0
DKT2591158,0
DKT2591157,0
DKT8497772,0
DKT2591369,16
DKT8497773,0
DKT2591370,0
DKT8497777,0
DKT2591375,4
DKT8497786,0
DKT2591392,0
DKT2591393,0
DKT2591394,0
DKT2591395,0
DKT8497800,0
DKT2591416,0
DKT2591417,0
DKT2591418,0
DKT2591419,4
DKT8497806,0
DKT2591438,0
DKT8500051,0
DKT2386116,4
DKT2386117,0
DKT8500052,0
DKT2386119,0
DKT8500131,0
DKT2389484,0
DKT2389485,0
DKT2389487,0
DKT2389488,0
DKT2389490,0
DKT2389491,0
DKT2389489,0
DKT8500142,0
DKT2389515,10
DKT8500145,0
DKT2389519,78
DKT8500149,0
DKT2389523,8
DKT2379670,9
DKT2379671,7
DKT2379672,5
DKT2379673,12
DKT2379675,10
DKT2379678,0
DKT2379676,6
DKT2379677,6
DKT2379674,10
DKT8500689,0
DKT2380817,0
DKT2380819,0
DKT2380818,0
DKT2380814,0
DKT2380816,4
DKT8500928,0
DKT2488437,0
DKT2488438,0
DKT2488439,0
DKT2488457,0
DKT8501164,0
DKT2488957,0
DKT8501381,0
DKT2490502,23
DKT8501389,0
DKT2490534,0
DKT2490538,0
DKT2490536,0
DKT2490539,0
DKT2490541,0
DKT2490542,4
DKT8501506,0
DKT2492189,22
DKT8501732,0
DKT2491175,22
DKT8501779,0
DKT2484358,0
DKT8501800,0
DKT2484419,240
DKT8501806,0
DKT2484425,45
DKT8501810,0
DKT2484429,0
DKT2485645,0
DKT2485653,0
DKT2485655,0
DKT2485657,0
DKT8502002,0
DKT2486246,0
DKT2486247,0
DKT2486248,0
DKT2486249,0
DKT2486250,0
DKT2486251,0
DKT8502137,0
DKT2486935,39
DKT8502141,0
DKT2486939,0
DK2486939,0
DKT8502148,0
DK2487052,0
DKT8502149,0
DK2487053,181
DKT8502151,0
DKT2487055,0
DK2487055,0
DKT8502156,0
DK2487060,0
DKT8502157,0
DKT2487061,131
DK2487061,131
DKT8502159,0
DKT2487067,0
DKT8502161,0
DKT2487069,9
DK2487069,9
DKT2497600,11
DKT2497606,12
DKT2497608,7
DKT2497610,11
DKT8502336,0
DKT2498272,0
DKT2498269,0
DKT2498270,0
DKT2498271,0
DKT2498273,0
DKT8503081,0
DKT2471837,0
DKT8503150,0
DKT2472442,5
DKT2472443,0
DKT2472444,0
DKT8503387,0
DKT2475572,0
DKT2475831,4
DKT2475832,4
DKT2475833,0
DKT2475834,7
DKT2475835,10
DKT2475836,6
DKT8503441,0
DKT2475841,7
DKT2475842,27
DKT2475843,8
DKT2475844,10
DKT2469381,7
DKT8504026,0
DKT2471285,8
DKT2471286,11
DKT2471287,11
DKT2471288,0
DKT2471289,9
DKT2471290,4
DKT2471291,7
DK2471284,17
DKT8504162,0
DKT2470349,0
DKT2470350,0
DKT2470351,9
DKT2470352,7
DKT2470353,6
DKT2470354,9
DKT2470355,8
DKT2470356,0
DKT2470357,0
DKT2483002,0
DKT2483005,0
DKT2483006,0
DKT2483034,0
DKT2483035,0
DKT2483036,0
DKT2483037,0
DKT2483038,0
DKT2483039,0
DKT8504559,0
DKT2477108,0
DKT2477112,0
DKT2477113,0
DKT2477114,17
DKT8504724,0
DKT2476855,17
DKT8504856,0
DKT2478864,9
DKT2478866,25
DKT2478867,19
DKT2478868,15
DKT2478865,25
DKT2424930,11
DKT2424931,8
DKT2424932,5
DKT2424934,15
DKT2424935,12
DKT2424936,4
DKT2424937,6
DKT2424974,0
DKT2424975,0
DKT2424977,0
DKT2424978,0
DKT2424979,0
DKT2424980,0
DKT2424981,0
DKT8504995,0
DKT2425094,0
DKT2425151,0
DKT2425152,10
DKT2425153,6
DKT2425154,4
DKT2425155,9
DKT2425156,6
DKT2425157,4
DKT2425158,7
DKT2425159,9
DKT2425160,0
DKT2423517,9
DKT2423518,4
DKT2423519,4
DKT2423520,5
DKT2423522,10
DKT2423521,5
DKT2423523,15
DKT2696028,14
DKT2696029,23
DKT2426865,0
DKT2426903,31
DKT2426905,18
DKT2426895,36
DKT2426896,19
DKT2426897,20
DKT2426898,29
DKT2426899,19
DKT2426900,19
DKT2426901,10
DKT2426902,24
DKT2426904,32
DKT2427049,0
DKT2427050,0
DKT2427051,0
DKT2427052,0
DKT2427053,0
DKT2427097,0
DKT2427098,0
DKT2427099,0
DKT2427100,0
DKT2427101,0
DKT2427102,0
DKT2427110,0
DKT2427112,0
DKT2427113,0
DKT2427114,0
DKT2427115,0
DKT2427117,0
DKT2427118,0
DKT2427111,0
DKT2427116,0
DKT8505629,0
DKT2422505,23
DKT8505665,0
DKT2422705,9
DKT8505881,0
DKT2421903,0
DKT8505909,0
DKT2422104,19
DKT2422107,11
DKT2422108,19
DKT2422109,13
DKT2422110,13
DKT8505933,0
DKT2432397,0
DKT2432399,0
DKT2432522,0
DKT2432541,0
DKT2432542,0
DKT8505953,0
DKT2432564,0
DKT2432565,0
DKT2432566,0
DKT2431835,0
DKT2431836,0
DKT2431837,0
DKT2431838,0
DKT2431839,0
DKT8506164,0
DKT2433176,0
DKT8506243,0
DKT2432295,0
DKT2432297,27
DKT2432298,10
DKT2432299,0
DKT2432300,0
DKT2434602,18
DKT2434603,5
DKT2434604,33
DKT2434606,18
DKT2434605,11
DKT2434607,19
DKT2434608,11
DKT2434609,15
DKT2434613,13
DKT2434614,14
DKT2434615,26
DKT2434616,20
DKT2434617,7
DKT2434618,9
DKT2434612,12
DKT2434619,17
DKT2434664,0
DKT2434665,0
DKT2434784,0
DKT2434785,0
DKT2434786,5
DKT2434787,17
DKT2434788,0
DKT2434789,0
DKT2434790,0
DKT2434791,0
DKT8506375,0
DKT2433835,25
DKT8506489,0
DKT2434353,4
DKT2434354,0
DKT8506490,0
DKT2434355,5
DKT2434356,6
DKT8506493,0
DKT2434361,9
DKT2434362,6
DKT8506494,0
DKT2434363,10
DKT2434364,9
DKT8506503,0
DKT2456605,21
DKT2456606,9
DKT8506526,0
DKT2456757,6
DKT8510015,0
DKT2456094,0
DKT2456095,0
DKT8510071,0
DKT2456546,5
DKT2456548,15
DKT2456547,20
DKT8510128,0
DKT2458611,6
DKT8510183,0
DKT2458882,0
DKT2458884,0
DKT2458885,0
DKT2458886,0
DKT2458887,0
DKT2459116,0
DKT2459118,0
DK2459115,0
DKT8510273,0
DKT2459524,0
DKT2459525,0
DKT2459526,0
DKT2459527,0
DKT2459528,0
DKT2459530,6
DKT2459529,0
DKT8510509,0
DKT2453144,11
DKT2453145,13
DKT2453146,20
DKT2453147,10
DKT2453148,0
DKT2453149,0
DKT2453150,0
DKT2453151,0
DKT2453152,0
DKT2453153,11
DKT2453154,10
DKT2453155,7
DKT8510512,0
DKT2453243,0
DKT2453244,0
DKT2453245,0
DKT2453246,0
DKT2453247,0
DKT2453248,0
DKT2453249,0
DKT2453250,0
DKT2453251,0
DKT2453252,0
DKT2453253,0
DKT2453254,0
DKT8511534,0
DKT2452292,132
DKT8511688,0
DKT2440638,0
DKT8511691,0
DKT2440639,0
DKT2454924,0
DKT2454932,29
DKT2454934,10
DKT2454936,27
DKT2454938,18
DKT2454942,5
DKT2454950,36
DKT2454952,21
DKT2454954,22
DKT2454956,24
DKT2455273,0
DKT2455285,0
DKT2455281,0
DKT2455283,0
DKT2455289,0
DKT2455309,0
DKT2455317,9
DKT2455319,7
DKT2455321,4
DKT2455323,0
DKT2455327,5
DKT2455335,11
DKT2455337,12
DKT2455339,9
DKT2455341,11
DKT2455462,0
DKT2455463,0
DKT8511987,0
DKT2453710,5
DKT8512551,0
DKT2463835,4
DKT2463836,0
DKT2463837,0
DKT2463838,0
DKT2463839,0
DKT2463840,0
DKT2463841,0
DKT2464348,61
DKT2464349,53
DKT2464350,42
DKT2464351,54
DKT2464344,28
DKT2464358,0
DKT2464359,0
DKT2464353,0
DKT2464366,0
DKT2464367,0
DKT2464368,0
DKT2464369,0
DKT2464362,0
DKT2464363,0
DKT2464375,0
DKT2464376,0
DKT2464378,0
DKT2464371,0
DKT8512773,0
DKT2464481,0
DKT2464482,0
DKT2464483,0
DKT2464484,0
DKT2464485,0
DKT2464486,0
DKT8512776,0
DKT2464505,0
DKT2464506,0
DKT2464507,0
DKT2464508,0
DKT2464509,0
DKT2464510,0
DKT2464595,0
DKT2464596,10
DKT2464597,7
DKT2464598,8
DKT2464599,6
DKT2464600,6
DKT2464601,8
DKT2464602,6
DKT2464603,7
DKT2464604,0
DKT2723196,0
DKT2723197,0
DKT8512864,0
DKT2464638,5
DKT2464639,6
DKT2464640,0
DKT8513238,0
DKT2467331,0
DKT8513471,0
DKT2467687,9
DKT8513486,0
DKT2460957,18
DKT8513657,0
DKT2465922,0
DKT8514453,0
DKT2461384,0
DKT8514532,0
DKT2461435,13
DKT8514551,0
DKT2461442,6
DKT2461443,0
DKT2461444,15
DKT8514552,0
DKT2461445,24
DKT2461446,26
DKT2461447,9
DKT8514553,0
DKT2461448,0
DKT2461449,0
DKT2461450,0
DKT8514555,0
DKT2461454,13
DKT2461455,15
DKT2461456,4
DKT8515025,0
DKT2460299,6
DKT2460300,0
DKT2460301,6
DKT2460302,0
DKT2460303,8
DKT2460304,6
DKT2460305,0
DKT2460463,11
DKT2460469,11
DKT2460471,12
DKT2460473,9
DKT2460475,12
DK2460463,11
DKT2460481,0
DKT2460487,4
DKT2460489,4
DKT2461911,0
DKT2463017,0
DKT2463018,0
DKT2463019,0
DKT2463013,0
DKT2463014,0
DKT8515416,0
DKT2463128,0
DKT8515456,0
DKT2463320,9
DKT8515816,0
DKT2642509,0
DKT8516198,0
DKT2642583,5
DKT8516223,0
DKT2600203,5
DKT2600204,9
DKT2600205,9
DKT2600206,23
DKT2600207,21
DKT2600214,0
DKT2600215,0
DKT2600216,0
DKT2600218,0
DKT2600219,0
DKT2600237,0
DKT2600239,0
DKT2600236,0
DKT2600238,0
DKT2600240,0
DKT8516239,0
DKT2600291,0
DKT2907765,0
DKT2600287,0
DKT2600288,0
DKT2600289,9
DKT2600290,9
DKT8516242,0
DKT2600302,26
DKT2600303,6
DKT2600304,20
DKT2600305,34
DKT2600306,15
DKT2907702,16
DKT8516253,0
DKT2600359,4
DKT2600360,0
DKT2600361,0
DKT2600362,0
DKT2600363,0
DKT8516258,0
DKT2600386,0
DKT2600387,0
DKT2600388,0
DKT2600389,0
DKT2600390,0
DKT8516259,0
DKT2600391,0
DKT2600392,0
DKT2600394,0
DKT2908026,0
DKT8517097,0
DKT2605327,11
DKT2605328,26
DKT2605331,17
DKT2906329,0
DKT2605329,10
DKT2605330,34
DKT8517277,0
DKT2605941,8
DKT8517439,0
DKT2606244,0
DKT2606245,0
DKT2606246,0
DKT2606247,0
DKT2606248,0
DKT8517565,0
DKT2606679,9
DKT2606681,26
DKT2606682,28
DKT2606683,56
DKT2606684,17
DKT2606685,53
DKT2606680,0
DKT8517598,0
DKT2606849,0
DKT8517611,0
DKT2606882,0
DKT8517613,0
DKT2606883,0
DKT8518339,0
DKT2609526,0
DKT2609527,0
DKT2609528,0
DKT2609529,0
DKT2610770,0
DKT8518777,0
DKT2611312,12
DKT8519742,0
DKT2614430,0
DKT2614431,8
DKT2614432,0
DKT2614433,0
DKT8519756,0
DKT2614480,10
DKT2614481,10
DKT2614482,4
DKT2614483,0
DKT2614799,0
DKT2614800,0
DKT2614801,0
DKT2614802,0
DKT2614805,0
DKT2614804,0
DKT2614797,0
DKT2614926,0
DKT2614928,0
DKT2614929,0
DKT2614930,0
DKT2614924,0
DKT2615136,15
DKT2615137,18
DKT2615138,14
DKT2615139,0
DKT2615132,0
DKT2615134,0
DKT2615212,9
DKT2615213,9
DKT2615215,14
DKT2615216,4
DKT2615209,0
DKT2615210,8
DKT2615224,40
DKT2615225,52
DKT2615226,36
DKT2615227,36
DKT2615220,40
DKT2615377,6
DKT8520071,0
DKT2615831,0
DKT8520288,0
DKT2616766,0
DKT8520298,0
DKT2616790,0
DKT8520780,0
DKT2619375,0
DKT2619377,0
DKT2619378,0
DKT2619379,0
DKT2619380,0
DKT2619381,0
DKT2619382,0
DKT2621422,0
DKT2621423,0
DKT2621424,0
DKT2621428,0
DKT2621425,0
DKT2621426,0
DKT8521161,0
DKT2622298,0
DKT8521162,0
DKT2622299,6
DKT8522406,0
DKT2629484,0
DKT8522600,0
DKT2630617,154
DKT2630618,25
DKT2630619,12
DKT2630621,0
DKT8522601,0
DKT2630622,33
DKT2630623,20
DKT2630624,24
DKT2630625,0
DKT8522603,0
DKT2630629,32
DKT2630630,4
DKT2630631,0
DKT2667961,0
DKT8522937,0
DKT2631915,0
DKT2631916,0
DKT2631917,0
DKT2631918,0
DKT2631919,0
DKT2696042,0
DKT2696043,0
DKT2633963,11
DKT2633964,11
DKT2633965,11
DKT2633966,15
DKT2633967,8
DKT2633968,14
DKT2633971,0
DKT2633969,9
DKT2633970,5
DKT8524743,0
DKT2638986,9
DKT2638987,8
DKT2638988,0
DKT2638989,4
DKT2638990,7
DKT2638991,0
DKT8525163,0
DKT2641456,0
DKT2641458,0
DKT2641462,0
DKT2641459,0
DKT8525164,0
DKT2641463,0
DKT2641465,0
DKT2641466,0
DKT2641468,0
DKT2641796,0
DKT2641798,0
DKT2641799,0
DKT2641801,0
DKT8525415,0
DKT2642937,0
DKT2642938,0
DKT2642939,0
DKT2642940,0
DKT2642941,0
DKT2642942,0
DKT8525864,0
DKT2645223,19
DKT2645230,6
DKT2645231,15
DKT2645232,7
DKT2645234,0
DKT8525867,0
DKT2645263,0
DKT2645269,0
DKT2645270,4
DKT2645271,8
DKT2645273,6
DKT8526140,0
DKT2647870,0
DKT8526145,0
DKT2647878,14
DKT8526148,0
DKT2647899,0
DKT2647900,0
DKT2647901,0
DKT2647902,0
DKT2647903,0
DKT2647904,0
DKT2647905,0
DKT2647898,0
DKT8526190,0
DKT2648069,0
DKT2648063,0
DKT8526192,0
DKT2648086,5
DKT2648087,11
DKT2648088,9
DKT2648081,0
DKT2648083,0
DKT2648085,13
DKT8526211,0
DKT2648193,67
DKT8526255,0
DKT2648433,5
DKT2648434,5
DKT2649711,10
DKT2649718,25
DKT2649721,25
DKT2649723,14
DKT2649725,18
DKT8526465,0
DKT2649914,7
DKT2649915,0
DKT2649918,15
DKT2649919,9
DKT2649920,5
DKT2649921,0
DKT2651046,0
DKT2651052,0
DKT2651054,0
DKT2651056,0
DKT2651058,0
DKT8526946,0
DKT2652725,32
DKT8526947,0
DKT2652726,13
DKT8526948,0
DKT2652727,38
DKT8526949,0
DKT2652728,11
DKT8526955,0
DKT2652751,23
DKT8526956,0
DKT2652752,9
DKT8526957,0
DKT2652753,31
DKT8526958,0
DKT2652754,28
DKT8526961,0
DKT2652758,0
DKT2652759,12
DKT2652760,10
DKT8527453,0
DKT2654924,0
DKT2654926,0
DKT2654928,0
DKT2654927,0
DKT2654929,0
DKT2654930,0
DKT8527456,0
DKT2654946,0
DKT2654948,0
DKT2654949,0
DKT2654950,0
DKT2654951,0
DKT8527457,0
DKT2654953,0
DKT2654955,0
DKT2654956,0
DKT2654957,4
DKT2654958,0
DKT8527459,0
DKT2654968,0
DKT2654970,5
DKT2654971,6
DKT2654972,0
DKT2654973,0
DKT8527472,0
DKT2655038,12
DKT2655040,4
DKT8527533,0
DKT2655246,0
DKT8527549,0
DKT2655262,0
DKT8527619,0
DKT2655709,0
DKT2655710,0
DKT2655711,0
DKT2655713,0
DKT2655714,0
DKT2655715,0
DKT2655716,0
DKT2655717,0
DKT2655718,0
DKT8527682,0
DKT2655958,0
DKT2655959,0
DKT2655960,0
DKT2655961,0
DKT2655962,0
DKT2655963,0
DKT2655964,0
DKT2655965,0
DKT2655967,0
DKT2655968,0
DKT2655971,0
DKT2655966,0
DKT2655969,0
DKT2655970,0
DKT2655972,0
DKT8527779,0
DKT2656436,0
DKT2656437,4
DKT2656438,0
DKT2656439,0
DKT2656440,5
DKT8527897,0
DKT2657115,6
DKT8527919,0
DKT2657256,11
DKT8528260,0
DKT2658582,0
DKT2658583,0
DKT2658585,0
DKT2658586,0
DKT2658587,0
DKT8528337,0
DKT2658854,0
DKT2658855,0
DKT2663157,0
DKT8528515,0
DKT2659746,0
DKT2659748,0
DKT8528788,0
DKT2661454,0
DKT2661455,0
DKT2661456,0
DKT2661457,0
DKT2661458,0
DKT2661602,0
DKT8529006,0
DKT2663421,0
DKT8529019,0
DKT2663476,127
DKT8529020,0
DKT2663477,0
DK2663477,0
DKT8529024,0
DKT2663481,125
DK2663481,125
DKT8529096,0
DKT2663772,0
DKT8529319,0
DKT2664838,0
DKT2664839,0
DKT2664841,0
DKT2664840,0
DKT8529388,0
DKT2665154,9
DKT2665155,0
DKT8529616,0
DKT2666209,0
DKT2666210,0
DKT2666211,0
DKT2666212,0
DKT8529624,0
DKT2666272,0
DKT2666274,0
DKT2666275,5
DKT2666277,0
DKT8529807,0
DKT2667383,6
DKT8529815,0
DKT2667418,8
DKT8530057,0
DKT2669001,0
DKT8530067,0
DKT2669032,0
DKT8530258,0
DKT2670054,7
DKT8538975,0
DKT2841763,0
DKT2841764,0
DKT2841765,0
DKT2841766,0
DKT2841767,0
DKT2841768,0
DKT2841769,0
DKT2835331,0
DKT2835332,0
DKT8540020,0
DKT2836206,0
DKT2836207,0
DKT2836208,0
DKT2836209,0
DKT8540025,0
DKT2836243,6
DKT2836244,7
DKT2836245,0
DKT2836246,0
DKT4065092,0
DKT8540097,0
DKT2836833,0
DKT8540419,0
DKT2840039,0
DKT2840040,0
DKT2840043,0
DKT2840044,0
DKT2840045,0
DKT2840046,0
DKT8540423,0
DKT2840079,0
DKT2840081,0
DKT2840084,0
DKT2840085,0
DKT2840086,8
DKT2840087,0
DKT2729519,0
DKT2751533,0
DKT2751534,0
DKT2751535,0
DKT2751536,0
DKT2751537,0
DKT2751538,0
DKT2751532,0
DKT8542570,0
DKT2707220,50
DKT8542696,0
DKT2711053,4
DKT8542784,0
DKT2707298,37
DKT8542789,0
DKT2707308,0
DKT2707309,0
DKT2707310,0
DKT2707311,0
DKT2707312,0
DKT2775428,0
DKT2707473,18
DKT2707474,15
DKT2707475,18
DKT2707476,5
DKT2707478,0
DKT2707479,9
DKT2707480,15
DKT8542838,0
DKT2707560,0
DKT2707561,9
DKT2707562,0
DKT8542931,0
DKT2708083,7
DKT8543062,0
DKT2705916,20
DKT8543175,0
DKT2706494,0
DKT2708752,0
DKT8543778,0
DKT2710611,0
DKT8543903,0
DKT2716739,0
DKT2716741,0
DKT2716745,0
DKT8543963,0
DKT2717071,0
DKT2717073,0
DKT2717070,0
DKT2717072,0
DKT8543964,0
DKT2717076,0
DKT2717078,0
DKT2717075,0
DKT2717077,0
DKT8543983,0
DKT2695635,0
DKT2695642,0
DKT2695644,0
DKT2695646,0
DKT2695648,0
DKT2695697,0
DKT2695698,0
DKT2695699,0
DKT2695700,0
DKT2695693,0
DKT2695428,34
DKT2695429,35
DKT2695430,33
DKT2695431,11
DKT2695424,23
DKT2695465,18
DKT2695473,22
DKT2695475,20
DKT2695477,18
DKT2695479,15
DKT2695772,0
DKT2695780,0
DKT2695782,0
DKT2695784,0
DKT2695786,0
DKT8544208,0
DKT2718313,0
DKT2718320,0
DKT2718322,0
DKT2718324,7
DKT2718326,0
DKT2718328,5
DKT2718881,25
DKT2718882,13
DKT2718883,7
DKT2718884,16
DKT2718879,16
DKT2718896,0
DKT2718898,0
DKT2718899,0
DKT2718901,0
DKT2718902,0
DKT2718903,0
DKT2718904,0
DKT8544289,0
DKT2719087,0
DKT2719088,0
DKT2719089,0
DKT2719090,0
DKT2719091,0
DKT2719092,0
DKT8544346,0
DKT2752240,4
DKT2752241,0
DKT2752242,6
DKT2752244,5
DKT2752245,8
DKT8544474,0
DKT2720084,0
DKT2720086,0
DKT2720087,0
DKT8544539,0
DKT2720535,9
DKT8544836,0
DKT2712789,0
DKT8544837,0
DKT2712790,0
DKT2712793,0
DKT2712799,0
DKT2712801,0
DKT2712803,10
DKT2712805,0
DKT8545081,0
DKT2714019,0
DKT2714017,0
DKT2714020,0
DKT8545088,0
DKT2714042,0
DKT8545108,0
DKT2714063,0
DKT2714494,0
DKT2714495,0
DKT2714497,0
DKT2714498,0
DKT2714499,0
DKT2714491,0
DKT2714493,0
DKT2714496,0
DKT8545173,0
DKT2714627,384
DKT8545247,0
DKT2714984,0
DKT2714985,0
DKT2714986,0
DKT8545449,0
DKT2690808,17
DKT2690809,17
DKT2690811,14
DKT2690810,7
DKT8545476,0
DKT2690954,0
DKT2690955,0
DKT2690956,0
DKT2690957,0
DKT2690958,0
DKT8545619,0
DKT2685943,11
DKT8545667,0
DKT2686122,0
DKT2684914,0
DKT2684915,0
DKT2684916,0
DKT2684917,0
DKT2684918,0
DKT2684919,0
DKT2684920,0
DKT8545797,0
DKT2685312,14
DKT8545938,0
DKT2687608,0
DKT8545978,0
DKT2688019,6
DKT2687618,0
DKT8546223,0
DKT2689752,0
DKT8546318,0
DKT2688745,0
DKT2688746,0
DKT2688747,0
DKT2688748,0
DKT2688749,0
DKT2688751,0
DKT2688752,0
DKT8546429,0
DKT2690403,6
DKT2690404,8
DKT2690405,0
DKT2690406,0
DKT2690407,0
DKT8546433,0
DKT2690434,0
DKT8546863,0
DKT2692370,0
DKT8546996,0
DKT2744743,0
DKT8547048,0
DKT2745058,0
DKT8547126,0
DKT2745729,15
DKT8547127,0
DKT2745730,0
DKT8547130,0
DKT2745733,0
DKT8547139,0
DKT2745745,0
DKT8547140,0
DKT2745747,0
DKT8547196,0
DKT2940668,0
DKT8547228,0
DKT2696445,0
DKT2696446,0
DKT2696447,0
DKT2696448,0
DKT2696449,0
DKT2696450,0
DKT2696517,27
DKT2696519,23
DKT2696508,17
DKT2696509,36
DKT2696510,18
DKT2696511,27
DKT2696512,99
DKT2696513,22
DKT2696514,81
DKT2696515,85
DKT2696518,59
DKT8547282,0
DKT2697643,0
DKT2697644,0
DKT2697645,0
DKT2697646,0
DKT2697647,0
DKT2697648,0
DKT2697649,0
DKT8547394,0
DKT2746347,7
DKT2746348,7
DKT2746349,12
DKT2746351,7
DKT8547441,0
DKT2746808,4
DKT2746809,0
DKT2746810,0
DKT2746811,0
DKT2746812,0
DKT2746813,0
DKT2746814,0
DKT2746816,0
DKT8547455,0
DKT2747044,0
DKT2747046,0
DKT2747048,0
DKT2747053,6
DKT2747055,0
DKT8547485,0
DKT2747309,4
DKT2747317,0
DKT2747319,0
DKT2747321,0
DKT2747324,4
DKT8547516,0
DKT2747539,7
DKT2747548,6
DKT2747550,6
DKT2747555,4
DKT2747557,10
DKT8547645,0
DKT2748419,0
DKT8547681,0
DKT2748607,21
DKT8547761,0
DKT2749284,0
DKT2749285,0
DKT2749286,0
DKT2749287,0
DKT2749288,0
DKT2749289,0
DKT2749290,0
DKT4103392,0
DKT4103393,0
DKT8547791,0
DKT2699074,0
DKT2699075,0
DKT2699076,0
DKT2699077,0
DKT2699079,0
DKT2699321,0
DKT2699324,0
DK2699322,0
DK2699325,0
DKT2698294,11
DKT8548119,0
DKT2698909,0
DKT8548523,0
DKT2693248,9
DKT2763100,0
DKT2763101,0
DKT2763102,0
DKT2763110,0
DKT2763111,0
DKT2763112,0
DKT2763113,0
DKT8548811,0
DKT2763519,41
DKT2764334,0
DKT2764337,0
DKT2764338,0
DKT8549008,0
DKT2768715,12
DKT2768716,12
DKT2768717,8
DKT2768718,6
DKT2768719,8
DKT8549175,0
DKT2769713,0
DKT8549322,0
DKT2770556,0
DKT2770561,0
DKT2770562,0
DKT2770563,0
DKT2770564,0
DKT2770636,0
DKT2770637,0
DKT2770638,0
DKT2770639,0
DKT8549506,0
DKT2765590,12
DKT2765592,5
DKT2765593,17
DKT8549507,0
DKT2765594,6
DKT8549540,0
DKT2765675,0
DKT2765673,0
DKT2765676,0
DKT8549582,0
DKT2765853,0
DKT8549728,0
DKT2766029,4
DKT8549765,0
DKT2757465,0
DKT2757467,0
DKT2757469,0
DKT2757471,5
DKT2757473,6
DKT2757475,8
DKT2757477,10
DKT2757479,0
DKT2757481,5
DKT8549822,0
DKT2766149,0
DKT8549873,0
DKT2766458,0
DKT2766460,0
DKT2766461,0
DKT2766462,0
DKT2766463,0
DKT8549971,0
DKT2767169,0
DKT8549974,0
DKT2767172,4
DKT8549992,0
DKT2767190,20
DKT2767192,11
DKT8549994,0
DKT2767195,14
DKT2774679,0
DKT2774680,0
DKT2774682,0
DKT2774683,0
DKT2774684,0
DKT2774685,0
DKT2774686,0
DKT8550332,0
DKT2775520,4
DKT2775522,0
DKT2775524,0
DKT2775526,0
DKT2775514,0
DKT2775528,0
DKT8550766,0
DKT2778106,13
DK2778106,13
DKT8550993,0
DKT2779533,11
DKT2779532,0
DKT2779534,0
DKT2779535,0
DKT2779536,0
DKT8551072,0
DKT2771501,0
DKT2771503,0
DKT2771505,0
DKT2771507,0
DKT2771509,0
DKT8551349,0
DKT2773218,0
DKT2773221,0
DKT2773222,0
DKT2773223,0
DKT2773224,0
DKT8551394,0
DKT2779540,8
DKT2779539,30
DKT2779541,0
DKT2779542,0
DKT2779544,0
DKT8551447,0
DKT2779817,38
DK2779817,38
DKT8551452,0
DKT2779822,0
DKT8551627,0
DKT2773726,0
DKT2773728,0
DKT2773729,4
DKT2773730,6
DKT2773731,5
DKT2773732,0
DKT2773733,0
DKT2773745,0
DKT2773746,0
DKT2773747,0
DKT2773748,0
DKT2773742,0
DKT8551989,0
DKT2723835,0
DKT8552048,0
DKT2724297,7
DKT2724298,11
DKT2724299,0
DKT8552144,0
DKT2725450,0
DKT2730868,14
DKT2730866,6
DKT2730864,11
DKT2730860,10
DKT2730852,0
DKT2731154,8
DKT2731158,11
DKT2731160,12
DKT2731162,10
DKT2731166,4
DKT2731164,10
DKT2731208,5
DKT2731215,4
DKT2731217,0
DKT2731224,0
DKT2731222,4
DKT8552664,0
DKT2721020,14
DKT8552950,0
DKT2722412,10
DKT8552960,0
DKT2722475,6
DKT8553059,0
DKT2727919,0
DKT2727925,9
DKT2727927,10
DKT2727929,5
DKT2727931,0
DKT2727918,0
DKT2727924,0
DKT2727926,0
DKT2727928,0
DKT2727930,0
DKT2727932,0
DKT2727933,0
DKT8553119,0
DKT2728605,19
DKT2728606,15
DKT2728607,8
DKT2728608,0
DKT2728609,4
DKT2728610,11
DKT2728611,5
DKT8553144,0
DKT2728977,0
DKT2728978,0
DKT2728979,0
DKT2728980,0
DKT2728975,0
DKT2728976,0
DKT8553237,0
DKT2729636,0
DKT2729631,0
DKT2729632,0
DKT2729633,0
DKT2729634,0
DKT2729637,0
DK2729636,0
DKT8553276,0
DKT2729930,0
DKT2729931,0
DKT2729932,0
DKT8553331,0
DKT2730431,0
DKT2730434,0
DKT2730435,6
DKT2730436,5
DKT2730437,7
DKT2730438,0
DKT2730743,6
DKT2730747,5
DKT2730750,6
DKT2730752,27
DKT2730754,5
DKT2730760,4
DKT2730756,7
DKT8553398,0
DKT2757486,0
DKT2757488,4
DKT2757490,0
DKT2757492,7
DKT2757495,12
DKT2757497,4
DKT2757499,15
DKT2757501,0
DKT2757503,7
DKT2757505,0
DKT8553404,0
DKT2757606,0
DKT2757607,0
DKT2757608,0
DKT2757609,0
DKT2757610,0
DKT2757611,0
DKT2757613,0
DKT2757614,0
DKT8553410,0
DKT2757673,0
DKT2757674,0
DKT2757675,0
DKT2757676,0
DKT2757677,0
DKT2757678,0
DKT2757679,0
DKT2757680,0
DKT2757681,0
DKT8553416,0
DKT2757735,0
DKT2757737,0
DKT2757738,0
DKT2757739,0
DKT2757740,0
DKT2757741,0
DKT2757742,0
DKT2757743,0
DKT2757745,0
DKT8553542,0
DKT2758193,6
DKT8553556,0
DKT2758276,0
DKT2758278,4
DKT2758281,4
DKT2758282,4
DKT2758283,0
DKT2758277,0
DKT2758280,6
DKT2758275,0
DKT8553642,0
DKT2758841,0
DKT8553679,0
DKT2759147,0
DKT2760867,0
DKT2760868,0
DKT2760869,0
DKT2760870,0
DKT2760866,0
DKT8554164,0
DKT2762015,0
DKT2762016,0
DKT2762017,0
DKT2762018,0
DKT2762019,0
DKT8554176,0
DKT2762064,6
DKT8554181,0
DKT2762075,0
DKT2762074,0
DKT8554187,0
DKT2762084,11
DKT2732847,0
DKT2732848,0
DKT2732849,0
DKT2732850,0
DKT2732842,0
DKT2732844,0
DKT2732845,0
DKT8554225,0
DKT2732942,0
DKT2732944,0
DKT2732946,0
DKT2732948,0
DKT2732950,0
DKT2732952,0
DKT2732967,0
DKT2732969,0
DKT2732973,5
DKT2732975,0
DKT8554244,0
DKT2733095,0
DKT2733096,0
DKT2733099,0
DKT2733100,0
DKT2733101,0
DKT2733102,0
DKT2733103,0
DKT2733104,0
DKT2733105,0
DKT2733106,0
DKT2733107,0
DKT2733108,0
DKT2733141,10
DKT2733142,7
DKT2733143,5
DKT2733144,0
DKT2733146,21
DKT2733147,6
DKT2733150,0
DKT2733148,0
DKT2733149,5
DKT8554462,0
DKT2735118,0
DKT2735123,0
DKT2735124,0
DKT2735125,0
DKT2735126,0
DKT2735127,5
DKT2735121,0
DKT8554529,0
DKT2753980,7
DKT8554530,0
DKT2753984,36
DKT2753985,45
DKT2753988,46
DKT2753982,10
DKT2753983,14
DKT8554531,0
DKT2753994,26
DKT2753995,46
DKT2753992,27
DKT2753993,29
DKT2753997,26
DKT8554542,0
DKT2754023,25
DKT2754024,23
DKT8554562,0
DKT2754064,7
DKT8554577,0
DKT2754137,0
DKT2754138,0
DKT2754139,0
DKT2754140,0
DKT2754142,0
DKT2754143,0
DKT2754144,0
DKT2754145,0
DKT2754146,0
DKT4100508,7
DKT8554596,0
DKT2754255,9
DKT8554672,0
DKT2754783,7
DKT2754790,8
DKT2754792,12
DKT2754794,10
DKT2754797,5
DKT2754799,0
DKT8554846,0
DKT2755615,0
DKT2755619,0
DKT2755622,0
DKT2755616,0
DKT2755620,0
DKT2755621,0
DKT2755623,0
DKT8554867,0
DKT2755815,10
DKT8555052,0
DKT2938276,6
DKT2938277,0
DKT2938278,0
DKT2938279,8
DKT2938280,13
DKT2938281,0
DKT8555093,0
DK2938497,4
DK2938498,0
DK2938499,0
DK2938500,0
DK2938501,0
DK2938502,0
DK2938503,5
DK2938504,5
DKT2939171,37
DKT2939172,158
DKT2939173,30
DKT2939174,47
DKT8555370,0
DKT2939992,6
DKT8555840,0
DKT2940786,6
DKT8555843,0
DKT2940789,0
DKT8555936,0
DKT2941106,8
DKT8555960,0
DKT2941147,0
DKT8556264,0
DKT2876937,0
DKT2876938,0
DKT2876939,0
DKT2876940,0
DKT2876941,0
DKT2876942,0
DKT8556267,0
DKT2876954,0
DKT8556270,0
DKT2876958,0
DKT8556544,0
DKT2878583,0
DKT2878582,0
DKT2878584,0
DKT2878585,0
DKT2925840,0
DKT2925842,0
DKT2989029,0
DKT8556896,0
DKT2989398,0
DKT2989400,9
DKT2989401,0
DKT2989402,0
DKT2989403,12
DKT8556970,0
DKT2937108,0
DKT2937110,0
DKT2937105,0
DKT2937107,0
DKT2937109,0
DKT2937111,0
DKT4010441,15
DKT4010442,9
DKT8557132,0
DKT2937982,0
DKT2937983,0
DKT2937985,0
DKT2937986,0
DKT2937987,6
DKT2937990,0
DKT2937991,0
DKT2937992,0
DKT2937993,0
DKT2937980,14
DKT2937981,0
DKT2937984,0
DKT2937988,0
DKT2937989,0
DKT2951971,0
DKT2951972,0
DKT2951973,0
DKT2951974,0
DKT2951975,0
DKT2951976,0
DKT2951977,0
DKT2951987,0
DKT2951988,0
DKT2951989,0
DKT2951990,0
DKT2951991,0
DKT8558265,0
DKT2941351,0
DKT8558269,0
DKT2941360,65
DKT8558272,0
DKT2941363,51
DKT8558468,0
DKT2942269,7
DKT2942270,7
DKT2942274,7
DKT2942268,0
DKT2942271,5
DKT2942272,0
DKT2942273,5
DKT8558471,0
DKT2942290,5
DKT2942291,0
DKT2942292,4
DKT2942293,0
DKT2942294,0
DKT2942289,0
DKT2942295,8
DKT8558478,0
DKT2942333,0
DKT2942334,0
DKT2942335,0
DKT2942336,0
DKT2942337,0
DKT2942332,0
DKT8558495,0
DKT2942442,4
DKT2942443,0
DKT2942444,5
DKT2942445,0
DKT2942446,0
DK2942441,0
DK2942447,0
DKT8558503,0
DKT2942491,4
DKT2942492,5
DKT2942493,0
DKT2942494,5
DKT2942495,8
DKT2942490,0
DKT2942843,0
DKT2942844,0
DKT2942845,0
DKT2942846,0
DKT2942847,0
DKT2942849,0
DKT2942848,0
DKT2942906,0
DKT2942907,0
DKT2942908,4
DKT2942909,0
DKT2942912,0
DKT2942911,0
DKT8558670,0
DKT2943547,5
DKT8558716,0
DKT2943773,33
DKT8558770,0
DKT2944159,25
DKT2944160,25
DKT2944161,84
DKT2944162,89
DKT2944163,10
DKT2944164,24
DKT2944311,12
DKT2944314,15
DKT2944309,8
DKT2944310,0
DKT2944312,9
DKT2944313,10
DKT8558891,0
DKT2944896,11
DKT8558959,0
DKT2952157,0
DKT2952158,0
DKT2952159,0
DKT2952160,0
DKT2952161,0
DKT2952162,0
DKT2952163,0
DKT2952205,0
DKT2952206,4
DKT2952207,7
DKT2952208,4
DKT2952209,8
DKT2952210,0
DKT2952354,0
DKT2952355,0
DKT2952356,0
DKT2952357,0
DKT2952358,0
DKT2952359,0
DKT8559008,0
DKT2952393,0
DKT2952394,5
DKT2952395,0
DKT8559022,0
DKT2952411,0
DKT2952412,0
DKT2952413,0
DKT2945195,6
DKT2945196,8
DKT2945197,10
DKT2945198,15
DKT2945199,4
DKT2945200,7
DKT2945203,9
DKT2945201,0
DKT2945202,12
DKT2945256,0
DKT2945257,0
DKT2945258,0
DKT2945260,0
DKT2945261,0
DKT2945264,0
DKT2945262,0
DKT2945263,0
DKT2950227,8
DKT2950228,10
DKT2950229,6
DKT2950230,16
DKT2950231,20
DKT2950232,11
DKT2950234,6
DKT2950256,13
DKT2950257,9
DKT2950258,15
DKT2950255,5
DKT2950259,6
DKT2950261,4
DKT2950635,0
DKT2950636,0
DKT2950637,0
DKT2950638,0
DKT2950639,0
DKT8559236,0
DKT2951057,12
DKT2951058,6
DKT2951059,8
DKT2951060,15
DKT2951061,4
DKT8559262,0
DKT2951166,25
DKT8559273,0
DKT2951177,0
DKT8559566,0
DKT2898306,0
DKT8559567,0
DKT2898307,0
DKT8559600,0
DKT2901142,0
DKT2901143,0
DKT2901144,0
DKT2901145,0
DKT2901146,0
DKT2901147,0
DKT2901148,0
DKT2901149,0
DKT8559773,0
DKT2898436,8
DKT8559775,0
DKT2898439,15
DKT8559778,0
DKT2898442,5
DKT8559822,0
DKT2899475,0
DKT8560095,0
DKT2897804,0
DKT8560164,0
DKT2897477,6
DKT8560174,0
DKT2897502,10
DKT8560210,0
DKT2897576,0
DKT8560230,0
DKT2897605,0
DKT2897606,0
DKT8560240,0
DKT2897625,8
DKT8560269,0
DKT2909234,0
DKT8560292,0
DKT2909264,0
DKT2909266,0
DKT2909267,0
DKT2909268,0
DKT2909269,0
DKT8560321,0
DKT2909469,0
DKT2909470,0
DKT2909471,0
DKT2909472,0
DKT2909473,0
DKT2909474,0
DKT2909475,0
DKT2909476,0
DKT2909477,0
DKT8560358,0
DKT2910003,0
DKT2910004,0
DKT2910005,0
DKT2910006,0
DKT2910007,0
DKT2910008,0
DKT2910009,0
DKT2910010,0
DKT2910011,0
DKT8560360,0
DKT2910021,0
DKT2910022,0
DKT2910023,0
DKT2910024,0
DKT2910025,0
DKT2910026,0
DKT2910027,0
DKT2910028,0
DKT2910029,0
DKT8560363,0
DKT2910048,0
DKT2910049,0
DKT2910050,0
DKT2910051,0
DKT2910052,0
DKT2910053,0
DKT2910054,0
DKT2910055,0
DKT2910056,0
DKT8560365,0
DKT2910066,0
DKT2910067,0
DKT2910068,0
DKT2910069,0
DKT2910070,0
DKT2910071,0
DKT2910072,0
DKT2910073,0
DKT2910074,0
DKT8560387,0
DKT2908114,26
DKT2908115,20
DKT2908116,33
DKT2908117,34
DKT2908118,20
DKT2908119,20
DKT2908120,22
DKT8560388,0
DKT2908123,12
DKT2908124,45
DKT2908125,30
DKT2908126,23
DKT2908127,0
DKT2908128,18
DKT2908129,20
DKT8560403,0
DKT2899631,45
DKT8560408,0
DKT2899654,17
DKT8560461,0
DKT2899763,0
DKT2899764,0
DKT2899765,0
DKT2899766,0
DKT2899767,0
DKT2899768,0
DKT2899769,0
DKT8560477,0
DKT2899846,0
DKT2899847,0
DKT2899848,0
DKT2899849,0
DKT8560481,0
DKT2897633,0
DKT2899862,0
DKT2899864,0
DKT2899865,0
DKT2899866,0
DKT2899868,0
DKT2899869,0
DKT2899870,0
DKT2899871,0
DKT2897632,0
DKT2899863,0
DKT8560485,0
DKT2899876,7
DKT8560513,0
DKT2899949,0
DKT2899950,0
DKT2899951,0
DKT2899952,0
DKT2899953,0
DKT2899954,0
DKT2899955,0
DKT2899957,0
DKT2899958,0
DKT8560549,0
DKT2902569,39
DKT8560671,0
DKT2900508,0
DKT8560679,0
DKT2900545,0
DKT8560702,0
DKT2900587,0
DKT2900588,0
DKT2900589,0
DKT8560703,0
DKT2900590,0
DKT2900591,0
DKT2900592,0
DKT8560956,0
DKT2901492,0
DKT8561135,0
DKT2895746,0
DKT2895747,0
DKT2895749,0
DKT2895750,0
DKT2895751,0
DKT2895752,0
DKT8561144,0
DKT2895786,31
DKT8561145,0
DKT2895787,15
DKT2895791,49
DKT8561361,0
DKT2894640,0
DKT8561417,0
DKT2894980,7
DKT8561477,0
DKT2906346,19
DKT8561521,0
DKT2907626,0
DKT2907627,0
DKT2907628,4
DKT2907629,0
DKT2907630,4
DKT2907631,0
DKT2907632,0
DKT2907633,0
DKT2907634,0
DKT8561658,0
DKT2906116,11
DKT2906117,4
DKT2906118,0
DKT2906119,4
DKT2906120,8
DKT2906121,4
DKT2906122,0
DKT8561673,0
DKT2906664,10
DKT2881261,5
DKT2881284,0
DKT8561786,0
DKT2881288,0
DKT2881289,0
DKT2881290,0
DKT2881291,0
DKT2881292,0
DKT8561801,0
DKT2881948,0
DKT2881949,0
DKT2881950,0
DKT2881951,9
DKT2881952,8
DKT2881998,7
DKT8561876,0
DKT2882041,0
DKT2882042,0
DKT2882043,0
DKT2882044,0
DKT2882045,0
DKT2882046,0
DKT8561881,0
DKT2882076,0
DKT2882081,0
DKT2882082,0
DKT2882083,0
DKT2882084,0
DKT8561882,0
DKT2882087,6
DKT2882091,36
DKT2882092,41
DKT2882094,0
DKT2882095,25
DKT8561991,0
DKT2883028,0
DKT2883029,0
DKT2883031,0
DKT2883032,0
DKT2883024,0
DKT8561996,0
DKT2880769,0
DKT2880770,0
DKT2880771,0
DKT2880773,0
DKT2880774,0
DKT2880776,0
DKT2880777,0
DKT8562149,0
DKT2883451,0
DKT2883452,0
DKT2883453,0
DKT2883454,0
DKT2883455,0
DKT2883456,0
DKT8562313,0
DKT2883258,0
DKT2883252,0
DKT2883255,4
DKT2883256,6
DKT2883257,4
DKT8562331,0
DKT2883504,0
DKT2883506,0
DKT2883507,6
DKT2883508,0
DKT2883509,4
DKT8562655,0
DKT2912210,9
DKT8562676,0
DKT2910272,7
DKT8562687,0
DKT2910323,0
DKT2910324,0
DKT2910325,0
DKT2910326,0
DKT2910328,0
DKT2910327,0
DKT2911913,5
DKT2911914,8
DKT2911915,5
DKT2911916,13
DKT2911917,17
DKT2911918,12
DKT2911919,0
DKT2911920,8
DKT2911065,35
DKT2911067,18
DKT2911062,0
DKT2911063,7
DKT2911064,18
DKT2911066,16
DKT2911075,0
DKT2911076,18
DKT2911077,10
DKT2911078,0
DKT2911079,16
DKT8563156,0
DKT2903903,7
DKT2952758,0
DKT8569053,0
DKT2952808,0
DKT2952809,0
DKT2952810,0
DKT2952811,0
DKT2952812,0
DKT2952813,0
DKT2952814,0
DKT2952815,0
DKT2953312,0
DKT2953313,0
DKT2953314,0
DKT2953315,0
DKT2953316,0
DKT8569120,0
DKT2953356,27
DKT2953357,17
DKT2953358,45
DKT2953359,10
DKT2953360,27
DKT2953361,24
DKT2953362,10
DKT2953363,11
DKT2953364,10
DKT2953365,13
DKT2953406,13
DKT2953407,6
DKT2953408,7
DKT2953409,15
DKT2953410,8
DKT2953411,11
DKT2953412,5
DKT2953413,7
DKT8569136,0
DKT2953481,7
DKT2953864,0
DKT2953865,0
DKT2953866,0
DKT2953867,0
DKT2953868,0
DKT2953869,0
DKT2953870,0
DKT8569204,0
DKT2953995,0
DKT2953998,0
DKT2953999,0
DKT2954000,0
DKT2953997,0
DKT8569205,0
DKT2954002,0
DKT2954004,0
DKT2954005,0
DKT2954006,0
DKT2954007,0
DKT8569216,0
DKT2954076,0
DKT2954078,0
DKT2954079,0
DKT2954080,0
DKT2954081,0
DKT8569269,0
DKT2954368,0
DKT2954369,0
DKT2955006,15
DKT2955007,0
DKT2955008,11
DKT2955010,9
DKT8572257,0
DKT2957210,4
DKT8572326,0
DKT2957720,0
DKT2957721,0
DKT2957722,0
DKT2957723,0
DKT2957724,0
DKT2957725,0
DKT2957726,0
DKT2957727,0
DKT8572360,0
DKT2957926,93
DKT8572384,0
DKT2958110,25
DKT8572388,0
DKT2958114,23
DKT8572478,0
DKT2958679,0
DKT2958680,0
DKT2958681,0
DKT2958682,0
DKT8572479,0
DKT2958683,4
DKT2958684,8
DKT2958685,0
DKT2958686,13
DKT2959022,12
DKT2959023,12
DKT2959024,7
DKT2959025,0
DKT2959017,0
DKT2959032,0
DKT2959033,0
DKT2959034,0
DKT2959035,0
DKT2959027,0
DKT8572641,0
DKT2959628,0
DKT2959630,0
DKT2959631,0
DKT2959633,0
DKT2959634,0
DKT2959635,114
DKT2959636,27
DKT2998678,0
DKT2998679,0
DKT2998680,0
DKT2998681,0
DKT2998674,0
DKT2998687,0
DKT2998688,0
DKT2998689,0
DKT2998690,0
DKT2998683,0
DKT2998697,0
DKT2998698,0
DKT2998699,0
DKT2998696,0
DKT2998692,0
DKT8572793,0
DKT2999302,9
DKT8572795,0
DKT2999304,104
DKT2999423,8
DKT2999683,16
DKT2999684,22
DKT2999685,12
DKT2999686,8
DKT2999680,12
DKT2999747,0
DKT2999748,0
DKT2999749,0
DKT2999750,0
DKT2999744,0
DKT2999755,0
DKT2999756,0
DKT2999757,0
DKT2999758,0
DKT2999752,0
DKT2999763,0
DKT2999764,0
DKT2999765,0
DKT2999766,0
DKT2999760,0
DKT2999923,0
DKT2999924,0
DKT2999919,0
DKT2999922,0
DKT2999925,0
DKT2999930,0
DKT2999931,0
DKT2999932,0
DKT2999933,0
DKT2999927,0
DKT8572920,0
DKT2892834,16
DKT2892835,12
DKT2892836,7
DKT2892837,4
DKT2892831,0
DKT2892832,7
DKT8572921,0
DKT2892844,0
DKT2892845,10
DKT2892843,0
DKT2892842,0
DKT2892839,4
DKT8572927,0
DKT2892893,0
DKT2892894,0
DKT2892895,0
DKT2892896,0
DKT2892890,0
DKT2892891,0
DKT2892892,0
DKT8573087,0
DKT2887154,5
DKT2887160,0
DKT2887162,4
DKT2887164,13
DKT2887166,8
DKT8573104,0
DKT2887487,0
DKT2887493,5
DKT2887496,0
DKT2887498,0
DKT2887500,0
DKT2886346,53
DKT2886347,26
DKT8573148,0
DKT2886376,0
DKT2886377,0
DKT2886378,0
DKT2886379,0
DKT2886380,0
DKT8573204,0
DKT2889052,0
DKT2889053,0
DKT2889054,0
DKT2889056,0
DKT2889057,18
DKT2889058,5
DKT2889059,0
DKT2889060,0
DKT2889061,0
DKT2889137,9
DKT2889138,4
DKT2889139,0
DKT8573390,0
DKT2888457,0
DKT2888461,0
DKT2888462,0
DKT2888463,0
DKT2888464,0
DKT8573461,0
DKT2918213,0
DKT2918214,0
DKT2918215,0
DKT2918216,0
DKT2918217,0
DKT2918218,0
DKT2918219,0
DKT2918220,0
DKT2918221,0
DKT8573469,0
DKT2918284,0
DKT2918285,0
DKT2918286,0
DKT2918287,0
DKT2918288,0
DKT2918289,0
DKT2918290,0
DKT2918291,0
DKT2918292,0
DKT8573481,0
DKT2916743,0
DKT2916744,0
DKT2916745,0
DKT2916746,0
DKT2916747,0
DKT2916748,0
DKT2916749,0
DKT2916750,0
DKT2916751,0
DKT2916752,0
DKT8573509,0
DKT2917013,7
DKT8573513,0
DKT2917019,14
DKT8573525,0
DKT2917097,4
DKT8573526,0
DKT2917098,0
DKT2917675,88
DKT2917676,0
DKT2917677,0
DKT2917678,124
DKT2917673,25
DKT2917674,7
DKT2917689,17
DKT2917690,0
DKT2917691,0
DKT2917692,14
DKT2917687,5
DKT2917688,7
DKT2917696,0
DKT2917697,0
DKT2917698,16
DKT2917699,31
DKT2917694,73
DKT2917695,5
DKT2917731,0
DKT2917732,8
DKT2917733,26
DKT2917734,0
DKT2917729,0
DKT2917730,5
DKT8573836,0
DKT2920340,23
DKT8573880,0
DKT2918997,23
DKT8574140,0
DKT2915730,6
DKT2915732,14
DKT2915734,7
DKT2915736,6
DKT2915738,0
DKT8574189,0
DKT2916389,0
DKT2916390,0
DKT2916391,0
DKT2916392,5
DKT2916393,6
DKT2916394,5
DKT2916395,0
DKT8574324,0
DKT2922318,0
DKT8574364,0
DKT2922513,0
DKT8574391,0
DKT2922581,0
DKT8574434,0
DKT2922713,5
DKT8574438,0
DKT2922731,0
DKT2922732,0
DKT2922733,0
DKT2922734,0
DKT2922735,0
DKT2922736,0
DKT8574593,0
DKT2924608,0
DKT8574595,0
DKT2924610,0
DKT8574599,0
DKT2923261,15
DKT8574602,0
DKT2923264,8
DKT8574753,0
DKT2924847,32
DKT2924851,42
DKT2924852,37
DKT2924853,104
DKT2924854,53
DKT8574759,0
DKT2924879,8
DKT8574762,0
DKT2924910,0
DKT2924911,6
DKT2924912,0
DKT2924913,0
DKT2924914,6
DKT2924915,12
DKT2924916,7
DKT2924917,0
DKT2924918,10
DKT2924909,6
DKT8574766,0
DKT2924932,0
DKT8574953,0
DKT2932644,0
DKT2932645,0
DKT2932646,0
DKT2932647,0
DKT2932648,0
DKT2932649,0
DKT2932650,0
DKT2932651,0
DKT8574958,0
DKT2932670,0
DKT2932671,0
DKT2932672,0
DKT8575057,0
DKT2933289,0
DKT2933290,0
DKT2933291,0
DKT2933292,0
DKT2933293,0
DKT2933294,0
DKT8575145,0
DKT2933800,0
DKT2933801,5
DKT2933802,0
DKT2933803,0
DKT2933799,0
DKT2968463,0
DKT8575146,0
DKT2933804,0
DKT2933805,0
DKT2933806,0
DKT2933807,0
DKT2968467,0
DKT8575374,0
DKT2934540,9
DKT8575537,0
DKT2960100,4
DKT8575538,0
DK2960101,7
DKT8575772,0
DKT2961595,10
DKT8575780,0
DKT2961623,5
DKT8575783,0
DKT2961629,5
DKT8575786,0
DKT2961640,10
DKT8575887,0
DKT2962552,7
DKT8575914,0
DKT2962685,8
DKT8575916,0
DKT2962687,21
DKT8575942,0
DKT2962871,4
DKT8575944,0
DKT2962882,24
DKT8575948,0
DKT2962887,8
DKT8576119,0
DKT2963925,73
DKT8576120,0
DKT2963926,0
DKT8576121,0
DKT2963927,141
DKT8576136,0
DKT2964092,0
DKT8576137,0
DKT2964093,16
DKT8576149,0
DKT2964163,0
DKT2964164,0
DKT2964165,0
DKT2964166,0
DKT2964167,0
DKT2964168,0
DKT2964169,0
DKT2964170,0
DKT2964171,0
DKT2964158,0
DKT2964159,0
DKT2964160,0
DKT2964161,0
DKT2964162,0
DKT8576244,0
DKT2989804,0
DKT8576255,0
DKT2965197,0
DKT2965198,0
DKT2965199,0
DKT2965200,0
DKT2965201,0
DKT2965202,0
DKT2965203,0
DKT8576263,0
DKT2989951,0
DKT2989952,0
DKT2989953,0
DKT8576279,0
DKT2989997,14
DKT2989998,12
DKT2989999,5
DKT8576366,0
DKT2990269,25
DKT8576781,0
DKT2969268,0
DKT2969264,0
DKT2969265,0
DKT2969266,0
DKT2969267,0
DKT2969386,9
DKT2969387,11
DKT8576793,0
DKT2969390,0
DKT2969391,10
DKT2969392,0
DKT2969393,0
DKT8576804,0
DKT2969473,17
DKT8576847,0
DKT2969734,6
DKT8576956,0
DKT2971189,4
DKT2971191,4
DKT2971192,6
DKT2971193,0
DKT2971194,5
DKT2971190,5
DKT8576986,0
DKT2971398,5
DKT2971399,10
DKT2971400,7
DKT2971401,11
DKT2971402,8
DKT2971403,9
DKT8577298,0
DKT2973633,0
DKT8577301,0
DKT2973636,12
DKT8577798,0
DKT2977501,6
DKT8577826,0
DKT2977714,17
DKT8577837,0
DKT2977824,4
DKT2977825,0
DKT2977826,0
DKT2977827,0
DKT2977828,0
DKT2977829,0
DKT2977830,0
DKT8577949,0
DKT2978924,0
DKT8578034,0
DKT2979743,49
DKT2979744,50
DKT2979745,48
DKT2979746,39
DKT2979747,11
DKT8578172,0
DKT2980770,12
DKT2980775,0
DKT2980776,4
DKT2980868,0
DKT2980869,5
DKT2980870,10
DKT2980871,7
DKT2980872,0
DKT2980873,0
DKT8578336,0
DKT2982063,0
DKT8578347,0
DKT2982125,0
DKT2982127,0
DKT2982128,0
DKT2982130,0
DKT2982131,0
DKT2982132,0
DKT2982133,0
DKT8578459,0
DKT2982939,7
DKT2982940,6
DKT2982941,6
DKT2982942,8
DKT8578466,0
DKT2983007,8
DKT2983006,0
DKT8578475,0
DKT2983025,4
DKT8578795,0
DKT2984920,0
DKT2984922,0
DKT2984923,0
DKT2984925,0
DKT2984926,5
DKT2984927,0
DKT2984928,0
DKT8578820,0
DKT2985058,4
DKT2985059,0
DKT8578964,0
DKT2985843,0
DKT2985844,0
DKT2985845,0
DKT2985846,0
DKT2985847,0
DKT2985848,0
DKT2987039,30
DKT8579238,0
DKT2987041,0
DKT2987078,0
DKT8579381,0
DKT2987914,0
DKT2987922,6
DKT2987924,0
DKT2987926,0
DKT2987928,5
DKT8579559,0
DKT2990374,0
DKT2990375,0
DKT2990376,5
DKT2990377,0
DKT2990378,0
DKT2990379,0
DKT8580158,0
DKT4002351,32
DKT8580227,0
DKT4129551,0
DKT4002685,0
DKT4002686,0
DKT4002687,0
DKT4002688,0
DKT4002689,0
DKT8580251,0
DKT4002884,0
DKT4002885,0
DKT4002886,10
DKT4002887,11
DKT4002888,13
DKT4002889,10
DKT4002890,8
DKT4002891,7
DKT8580259,0
DKT4002942,10
DKT4002943,7
DKT4002944,9
DKT8580962,0
DKT4004935,10
DKT4004938,6
DKT4004936,12
DKT8580979,0
DKT4004957,6
DKT8580982,0
DKT4004960,7
DKT8580996,0
DKT4004972,4
DKT4004971,0
DKT8581117,0
DKT4005190,14
DKT8581375,0
DKT4006186,0
DKT8581378,0
DKT4006188,0
DKT8581543,0
DKT4006561,8
DKT8582451,0
DKT4009762,0
DKT4009763,0
DKT4009764,0
DKT4009765,0
DKT4009766,0
DKT4009767,0
DKT8582452,0
DKT4009768,0
DKT4009769,0
DKT4009770,0
DKT4009771,0
DKT4009772,0
DKT4009773,0
DKT8582873,0
DKT4011030,11
DKT8583054,0
DKT4012870,9
DKT4012873,8
DKT4012874,4
DKT4012875,4
DKT4012876,6
DKT8583320,0
DKT4014530,53
DKT4014531,39
DKT4014532,0
DKT4014533,15
DKT4014534,53
DKT4014535,49
DKT4014536,48
DKT8584458,0
DKT4017838,0
DKT8584676,0
DKT4018532,0
DKT8584697,0
DKT4018554,0
DKT8584952,0
DKT4019111,0
DKT8584953,0
DKT4019112,4
DKT8585256,0
DKT4019947,0
DKT8585258,0
DKT4019949,0
DKT8585412,0
DKT4020596,0
DKT8585971,0
DKT4022276,28
DKT8586366,0
DKT4024216,16
DKT4024218,18
DKT4024219,21
DKT4024220,22
DKT4024221,14
DKT4024222,14
DKT4024217,18
DKT8586475,0
DKT4024870,0
DKT4024872,0
DKT4024873,0
DKT4024874,0
DKT4024875,0
DKT4030140,19
DKT8587186,0
DKT4031884,18
DKT4031889,51
DKT4031890,10
DKT4031891,57
DKT4031892,9
DKT8587966,0
DKT4037794,0
DKT8587967,0
DKT4037795,13
DKT8587969,0
DKT4037797,0
DKT8588398,0
DKT4044341,0
DKT8588543,0
DKT4045308,0
DKT8588563,0
DKT4045411,5
DKT4045412,6
DKT4045413,0
DKT4045414,0
DKT4045415,0
DKT8588848,0
DKT4047131,0
DKT8589230,0
DKT4049522,71
DKT8589233,0
DKT4049531,25
DKT8589267,0
DKT4049641,279
DKT8589730,0
DKT4052045,0
DKT4000020,0
DKT4000021,0
DKT4000022,0
DKT4000023,0
DKT4000024,0
DKT4000025,0
DKT4000026,0
DKT4000027,0
DKT4000028,7
DKT4000029,17
DKT4000030,12
DKT4000032,10
DKT4000083,8
DKT4000084,9
DKT4000085,9
DKT4000086,8
DKT4000087,7
DKT4000088,11
DKT4000089,13
DKT4000090,7
DKT4000091,15
DKT4000092,8
DKT4000093,8
DKT8595305,0
DKT2879081,5
DKT8595490,0
DKT2890329,0
DKT8595619,0
DKT2893380,0
DKT2893384,12
DKT2893386,6
DKT2893388,4
DKT2893391,5
DKT2893393,0
DKT8595693,0
DKT2892203,4
DKT2892205,5
DKT2892207,0
DKT2892209,0
DKT2892211,0
DKT2892213,0
DKT2892215,0
DKT8595700,0
DKT2892408,21
DKT2892406,13
DKT2892407,19
DK2892409,45
DKT8595947,0
DKT2923828,0
DKT8595950,0
DKT2923837,0
DKT8596818,0
DKT4062731,40
DKT4066440,5
DKT4066579,5
DKT4066580,12
DKT4066581,8
DKT4066582,9
DKT4066583,0
DKT4066584,4
DKT4066585,5
DKT4066586,0
DKT4066587,0
DKT4066588,0
DKT8600271,0
DKT4102111,12
DKT4102112,16
DKT4102113,13
DKT4102114,11
DKT4102115,16
DKT4102116,9
DKT4102117,29
DKT4102118,18
DKT4102119,11
DKT4102120,16
DKT4102121,24
DKT4102167,18
DKT8600727,0
DKT4104594,0
DKT4104595,7
DKT8600729,0
DKT4104599,8
DKT4104600,4
DKT4104598,0
DKT4104601,9
DKT4104602,10
DKT4104603,7
DKT4122646,7
DKT4105346,0
DKT4105347,0
DKT4105349,0
DKT4105350,0
DKT4105352,0
DKT8601388,0
DKT4108972,0
DKT8601419,0
DKT4109136,0
DKT4110176,17
DKT4110177,0
DKT4110178,0
DKT4110179,0
DKT4110180,0
DKT4110186,20
DKT4110182,0
DKT4110184,8
DKT4110185,20
DK4110175,0
DK4110181,5
DK4110187,23
DK4110188,12
DK4110189,0
DK4110190,0
DKT4122699,30
DKT8602644,0
DKT4123920,0
DKT4123921,0
DKT4123922,0
DKT4123923,0
DKT4123924,0
DKT4123925,0
DKT8602645,0
DKT4123928,7
DKT4123929,0
DKT4123930,0
DKT4123931,0
DKT4123932,0
DKT4123933,0
DKT4123934,0
DKT4125597,26
DKT8602859,0
DKT4126132,0
DKT4126134,0
DKT4126137,0
DKT4126138,0
DKT4126139,0
DKT4126140,0
DKT8602877,0
DKT4126312,11
DKT8603201,0
DKT4129489,0
DKT4129490,0
DKT4129491,0
DKT4129493,0
DKT4129494,0
DKT4129495,0
DKT4129496,0
DKT8603263,0
DKT4132267,29
DKT4132268,35
DKT4132270,41
DKT4132271,30
DKT4132272,29
DKT4132273,41
DKT8603265,0
DKT4132283,37
DKT4132284,37
DKT4132286,86
DKT4132287,52
DKT4132288,41
DKT4132289,24
DKT4134256,78
DKT8603486,0
DKT4134257,79
DKT8603578,0
DKT4134950,0
DKT4134952,0
DKT4134955,0
DKT4134956,0
DKT4134957,0
DKT4134958,0
DKT4135363,16
DKT4135365,12
DKT4135366,9
DKT8604357,0
DKT4146601,45
DKT8605310,0
DKT4152178,25
DKT4152179,8
DKT4152180,0
DKT4152181,0
DKT4152182,0
DKT4152183,6
DKT4152185,0
DKT4152186,0
DKT4152187,0
DKT4152188,0
DKT4152189,0
DKT4152191,0
DKT4152190,0
DKT8605734,0
DKT4154186,37
DKT4154187,26
DKT4154188,55
DKT4154189,42
DKT4154190,20
DKT4154191,53
DKT8605913,0
DKT4155570,0
DKT8606015,0
DKT4156820,77
DKT8606642,0
DKT4164884,29
DKT8606911,0
DKT4165467,0
DKT4165469,0
DKT4165470,0
DKT4165471,4
DKT4165472,0
DKT4165473,6
DKT4165474,5
DKT4165475,0
DKT8606952,0
DKT4165699,0
DKT4165701,0
DKT4165702,0
DKT4165703,0
DKT4165704,0
DKT4165705,0
DKT4165706,0
DKT4165708,0
DKT8606956,0
DKT4165736,0
DKT4165740,0
DKT4165741,0
DKT4165742,0
DKT4165743,0
DKT8607362,0
DKT4167427,0
DKT4167428,0
DKT4167429,0
DKT4167430,0
DKT4167431,0
DKT4167432,0
DKT4167433,0
DKT4167434,0
DKT8607618,0
DKT4168518,6
DKT4168524,0
DKT4168526,0
DKT4168528,0
DKT4168530,8
DKT4168532,4
DKT8607735,0
DKT4168868,32
DKT4168869,27
DKT4168870,7
DKT4168871,27
DKT4168872,34
DKT4168873,50
DKT4168874,27
DKT4168875,30
DKT4168876,17
DKT8607746,0
DKT4168922,0
DKT4168923,4
DKT4168924,0
DKT4168925,0
DKT4168926,0
DKT4168927,0
DKT4168928,0
DKT4168929,20
DKT4168930,0
DKT4170612,15
DKT4170613,23
DKT4170614,0
DKT8608183,0
DKT4170713,50
DKT4170714,20
DKT4170715,23
DKT4170716,19
DKT4170717,30
DKT4170718,20
DKT4170719,26
DKT8608738,0
DKT4173361,6
DKT4173362,15
DKT4173363,18
DKT4173364,14
DKT8614889,0
DKT4216794,0
DKT8614916,0
DKT4215245,0
DKT8614922,0
DKT4215251,0
DKT8616099,0
DKT4231965,0
DKT8616265,0
DK4233137,0
DKT8616917,0
DKT4225899,0
DKT4225900,4
DKT4225901,0
DKT4225902,18
DKT4225983,0
DKT4225984,12
DKT4225985,8
DKT8618531,0
DKT4229818,0
DKT8618595,0
DKT4227527,0
DKT4228041,20
DKT8640934,0
DKT4267580,6
DKT4274538,0
DKT4274539,0
DKT4274540,0
DKT4274541,0
DKT4274542,0
DKT864312,0
DKT4073674,0
DKT4073675,0
DKT4073676,0
DKT4073678,0
DKT4073679,0
DKT4073680,0
DKT4073681,0
DKT960468,0
DKT4072323,28
DKT4072322,11
DKT4072324,20
DKT4072325,33
DKT4072326,24
DKT4072327,23
DKT960565,0
DKT4072646,84
DKT4072647,0
DKT4072648,0
DKT4072650,97
DKT4072651,105
DKT4072652,100
DKT4072653,78
DKT960738,0
DKT4075164,13
DKT4075166,7
DKT4075168,27
DKT4075169,24
DKT4075170,9
DKT4075171,10
DKT4075172,10
DKT4075175,0
DKT4075165,12
DKT4075167,15
DKT4075173,21
DKT4075174,6
DKT4075176,0
DKT962194,0
DKT4074696,15
DKT4074699,24
DKT4074700,6
DKT4074701,7
DKT4074702,19
DKT962584,0
DKT4099236,0
DKT4099237,0
DKT4099238,0
DKT4099239,0
DKT4099240,0
DKT4099241,0
DKT964110,0
DKT4100364,0
DKT4100366,0
DKT4100367,0
DKT4100368,0
DKT4100369,0
DKT4100370,0
DKT8380450,0
DKT2488957,0
DKT8501164,0
DKT8364829,0
DKT2077877,5
DKT8369202,0
DKT2112656,0
DKT2471880,0
DKT8503088,0
DKT2665617,4
DKT8529458,0
DKT2744272,4
DKT8543290,0
DKT2491923,0
DKT8501452,0
DKT2655164,0
DKT8527501,0
DKT8380452,0
DKT2175342,3
DKT2524418,4
DKT8491829,0
DKT2472562,0
DKT8503175,0
DKT2713057,0
DKT8544878,0
DKT2713058,0
DKT8544879,0
DKT2357429,3
DKT8398006,0
DKT2528334,3
DKT8484396,0
DKT2471837,3
DKT8503081,0
DKT2663105,0
DKT8528961,0
DKT2179846,0
DKT8381451,0
DKT8389495,0
DKT2235419,3
DKT2529652,0
DKT8484591,0
DKT8542696,0
DKT2711053,4
DKT2711060,4
DKT8542703,0
DKT2654482,3
DKT8527376,0
DKT8343668,0
DKT884455,0
DKT2386958,0
DKT8404855,0
DKT8351296,0
DKT2003256,5
DKT8379020,0
DKT2168344,0
DKT8405210,0
DKT2391857,5
DKT2392402,7
DKT2392403,8
DKT8405298,0
DKT2392575,3
DKT2392577,4
DKT8405304,0
DKT2392595,4
DKT2392596,0
DKT2392597,3
DKT8550466,0
DKT2776320,3
DKT2776321,0
DKT2762989,0
DKT8548670,0
DKT8487150,0
DKT2538955,5
DKT8487151,0
DKT2538956,0
DKT8487153,0
DKT2538958,4
DKT8487154,0
DKT2538959,0
DKT8487177,0
DKT2539031,0
DKT8487186,0
DKT2539059,5
DKT8405033,0
DKT2391216,7
DKT8405034,0
DKT2391217,13
DKT8405035,0
DKT2391218,5
DKT8405039,0
DKT2391223,3
DKT8405041,0
DKT2391247,0
DKT8405168,0
DKT2391248,3
DKT8371300,0
DKT2126070,8
DKT8371301,0
DKT2126071,8
DKT8378533,0
DKT2166115,14
DKT8342820,0
DKT863543,0
DKT2667383,6
DKT8529807,0
DKT2667479,0
DKT8529820,0
DKT2918173,0
DKT8573455,0
DKT8377410,0
DKT2160940,5
DKT8385418,0
DKT2198997,6
DKT8485990,0
DKT2546057,3
DKT2899429,6
DKT8560731,0
DKT2030817,14
DKT8357352,0
DKT2030818,19
DKT8357353,0
DKT2574102,18
DKT8494856,0
DKT2544306,5
DKT8403342,0
DKT2455364,3
DKT8511825,0
DKT2455365,3
DKT8511826,0
DKT8373600,0
DKT2137406,0
DKT2137405,0
DKT2137404,0
DKT2137407,0
DKT2567731,0
DKT2137408,0
DKT2137409,0
DKT2524939,3
DKT8491911,0
DKT2524940,0
DKT8491912,0
DKT2606005,0
DKT8517299,0
DKT8374051,0
DKT2140135,0
DKT8374052,0
DKT2140136,0
DKT2655858,0
DKT8527651,0
DKT2655859,0
DKT8527652,0
DKT8353779,0
DKT2013906,32
DKT8379180,0
DKT2169029,6
DKT8379366,0
DKT2169811,4
DKT8379367,0
DKT2169812,11
DKT8387560,0
DKT2225318,3
DKT8387561,0
DKT2225319,0
DKT8387563,0
DKT2225321,0
DKT8373958,0
DKT2139674,11
DKT8378237,0
DKT2165271,4
DKT2560115,0
DKT8492957,0
DKT2755985,3
DKT8554912,0
DKT2881865,0
DKT8562098,0
DKT2690448,0
DKT8546437,0
DKT8405317,0
DKT2392635,3
DKT2392636,3
DKT2392637,3
DKT2392639,3
DKT8400335,0
DKT2369311,4
DKT2369309,3
DKT2369308,9
DKT2369312,0
DKT2369307,10
DKT8400336,0
DKT2369316,3
DKT2369315,3
DKT2369314,6
DKT2369317,3
DKT2369313,8
DKT8500757,0
DKT2379151,0
DKT2379152,0
DKT2379155,0
DKT8561304,0
DKT2896692,3
DKT2896693,3
DKT2896694,3
DKT8582845,0
DKT4010889,3
DKT4010890,12
DKT4010892,3
DKT8583819,0
DKT4016482,0
DKT4016483,0
DKT4016485,0
DKT8583820,0
DKT4016486,0
DKT4016487,0
DKT4016489,0
DKT8407154,0
DKT2410355,0